fleschscore,highwot,lowwot,pictures,polarity,reponsetime,subjectivity,url,wordcount,yeararchive
56.201660493480006,21,0,21,0.10341902389847595,0.202646,0.4752109648342522,http://21stcenturywire.com/2015/02/04/us-measles-hoax-cdc-who-merck-documents-proves-vaccinated-are-spreading-virus/,1753,2009
56.201660493480006,21,0,21,0.10341902389847595,0.166427,0.4752109648342522,http://21stcenturywire.com/2015/02/04/us-measles-hoax-cdc-who-merck-documents-proves-vaccinated-are-spreading-virus/,1753,2009
45.10058700209646,73,8,9,0.10294117647058823,0.004447,0.5117647058823529,http://californiahealthline.org/morning-breakout/low-vaccination-rates-to-blame-for-disneyland-measles-outbreak/,265,2001
45.10058700209646,73,8,9,0.10294117647058823,0.00429,0.5117647058823529,http://californiahealthline.org/morning-breakout/low-vaccination-rates-to-blame-for-disneyland-measles-outbreak/,265,2001
45.10058700209646,73,8,9,0.10294117647058823,0.004293,0.5117647058823529,http://californiahealthline.org/morning-breakout/low-vaccination-rates-to-blame-for-disneyland-measles-outbreak/,265,2001
45.10058700209646,73,8,9,0.10294117647058823,0.0044,0.5117647058823529,http://californiahealthline.org/morning-breakout/low-vaccination-rates-to-blame-for-disneyland-measles-outbreak/,265,2001
56.40030940594062,92,32,9,0.11444124922696354,0.004719,0.34839115646258484,http://emergency.cdc.gov/HAN/han00376.asp,1111,2007
56.40030940594062,92,32,9,0.11444124922696354,0.004297,0.34839115646258484,http://emergency.cdc.gov/HAN/han00376.asp,1111,2007
56.40030940594062,92,32,9,0.11444124922696354,0.005012,0.34839115646258484,http://emergency.cdc.gov/HAN/han00376.asp,1111,2007
65.92331031385642,34,29,33,0.07337506119872193,0.414241,0.46182539682539714,http://healthimpactnews.com/2015/the-truth-about-measles-the-mainstream-media-is-suppressing/,4295,2011
65.92331031385642,34,29,33,0.07337506119872193,0.413139,0.46182539682539714,http://healthimpactnews.com/2015/the-truth-about-measles-the-mainstream-media-is-suppressing/,4295,2011
65.92331031385642,34,29,33,0.07337506119872193,0.413866,0.46182539682539714,http://healthimpactnews.com/2015/the-truth-about-measles-the-mainstream-media-is-suppressing/,4295,2011
65.30423810250154,81,43,15,0.10690099755317144,0.345475,0.4788885751929228,http://heavy.com/social/2015/02/measles-vaccine-vaccination-conspiracy-theories/,1490,1996
65.30423810250154,81,43,15,0.10690099755317144,0.313037,0.4788885751929228,http://heavy.com/social/2015/02/measles-vaccine-vaccination-conspiracy-theories/,1490,1996
65.30423810250154,81,43,15,0.10690099755317144,0.145318,0.4788885751929228,http://heavy.com/social/2015/02/measles-vaccine-vaccination-conspiracy-theories/,1490,1996
65.30423810250154,81,43,15,0.10690099755317144,0.146221,0.4788885751929228,http://heavy.com/social/2015/02/measles-vaccine-vaccination-conspiracy-theories/,1490,1996
67.77556234379342,86,18,9,0.15343187514240145,0.549965,0.45223475355054316,http://insideupmc.upmc.com/disney-measles-outbreak-a-consequence-of-low-vaccination-rates-easy-travel/,554,2014
67.77556234379342,86,18,9,0.15343187514240145,0.625659,0.45223475355054316,http://insideupmc.upmc.com/disney-measles-outbreak-a-consequence-of-low-vaccination-rates-easy-travel/,554,2014
57.13637209302328,90,52,8,0.04557210031347963,0.005516,0.40146290491118075,http://jezebel.com/no-shit-disneyland-measles-outbreak-linked-to-anti-vax-1691703914,387,1996
57.13637209302328,90,52,8,0.04557210031347963,0.005641,0.40146290491118075,http://jezebel.com/no-shit-disneyland-measles-outbreak-linked-to-anti-vax-1691703914,387,1996
53.38129491945479,93,23,8,0.05243971306471306,0.005106,0.4171859737484737,http://ldi.upenn.edu/voices/2015/01/31/don-t-expect-a-disneyland-effect,1076,2011
53.38129491945479,93,23,8,0.05243971306471306,0.004669,0.4171859737484737,http://ldi.upenn.edu/voices/2015/01/31/don-t-expect-a-disneyland-effect,1076,2011
70.06060589543941,91,55,4,0.06998775155025151,0.006012,0.4628554609804612,http://nymag.com/daily/intelligencer/2015/01/anti-vaccinators-react-to-measles-outbreak.html,1798,1998
70.06060589543941,91,55,4,0.06998775155025151,0.007333,0.4628554609804612,http://nymag.com/daily/intelligencer/2015/01/anti-vaccinators-react-to-measles-outbreak.html,1798,1998
64.47492951056394,88,29,19,0.10404040404040404,0.004594,0.41739101541733126,http://patch.com/california/banning-beaumont/anti-vaxxers-blame-disneyland-measles-outbreak-report-concludes-0,731,1996
64.47492951056394,88,29,19,0.10404040404040404,0.004898,0.41739101541733126,http://patch.com/california/banning-beaumont/anti-vaxxers-blame-disneyland-measles-outbreak-report-concludes-0,731,1996
64.47492951056394,88,29,19,0.10404040404040404,0.00428,0.41739101541733126,http://patch.com/california/banning-beaumont/anti-vaxxers-blame-disneyland-measles-outbreak-report-concludes-0,731,1996
64.47492951056394,88,29,19,0.10404040404040404,0.0042,0.41739101541733126,http://patch.com/california/banning-beaumont/anti-vaxxers-blame-disneyland-measles-outbreak-report-concludes-0,731,1996
55.887769230769266,91,51,1,0.116692980222392,0.004049,0.4611314828961887,http://thinkprogress.org/health/2015/03/18/3635358/disneyland-vaccine-study/,650,2005
55.887769230769266,91,51,1,0.116692980222392,0.003535,0.4611314828961887,http://thinkprogress.org/health/2015/03/18/3635358/disneyland-vaccine-study/,650,2005
55.887769230769266,91,51,1,0.116692980222392,0.004358,0.4611314828961887,http://thinkprogress.org/health/2015/03/18/3635358/disneyland-vaccine-study/,650,2005
66.84721939562135,14,42,19,0.07109719834903659,1.274372,0.44838017782870715,http://vaxtruth.org/2015/01/measles/,2209,2011
66.84721939562135,14,42,19,0.07109719834903659,1.383993,0.44838017782870715,http://vaxtruth.org/2015/01/measles/,2209,2011
68.69760869565219,89,47,21,0.08656674783549785,0.180088,0.5054818181818181,http://wonkette.com/580106/today-in-duh-science-yes-anti-vaxxers-caused-disneyland-measles-outbreak-duh-science,552,2004
64.35774382901867,2,0,4,0.10208210180623975,0.006298,0.476943623426382,http://ww2.kqed.org/stateofhealth/2015/03/16/low-vaccination-rates-helped-stoke-disneyland-measles-outbreak/,453,2014
64.35774382901867,2,0,4,0.10208210180623975,0.006288,0.476943623426382,http://ww2.kqed.org/stateofhealth/2015/03/16/low-vaccination-rates-helped-stoke-disneyland-measles-outbreak/,453,2014
52.041164747814776,83,38,14,0.08996297562087034,0.15467,0.3808749145591251,http://www.activistpost.com/2015/01/the-disney-measles-outbreak-mousetrap.html,1334,2010
52.041164747814776,83,38,14,0.08996297562087034,0.156038,0.3808749145591251,http://www.activistpost.com/2015/01/the-disney-measles-outbreak-mousetrap.html,1334,2010
52.041164747814776,83,38,14,0.08996297562087034,0.155184,0.3808749145591251,http://www.activistpost.com/2015/01/the-disney-measles-outbreak-mousetrap.html,1334,2010
52.041164747814776,83,38,14,0.08996297562087034,0.15495,0.3808749145591251,http://www.activistpost.com/2015/01/the-disney-measles-outbreak-mousetrap.html,1334,2010
68.13043997959423,24,25,36,0.09514477538893937,0.287995,0.4803287674579542,http://www.ageofautism.com/2015/01/disney-measles-and-the-fantasyland-of-vaccine-perfection.html,2998,2007
68.13043997959423,24,25,36,0.09514477538893937,0.29462,0.4803287674579542,http://www.ageofautism.com/2015/01/disney-measles-and-the-fantasyland-of-vaccine-perfection.html,2998,2007
68.13043997959423,24,25,36,0.09514477538893937,0.288474,0.4803287674579542,http://www.ageofautism.com/2015/01/disney-measles-and-the-fantasyland-of-vaccine-perfection.html,2998,2007
45.10058700209646,73,8,9,0.10294117647058823,0.004662,0.5117647058823529,http://www.californiahealthline.org/articles/2015/3/17/low-vaccination-rates-to-blame-for-disneyland-measles-outbreak,265,2001
45.10058700209646,73,8,9,0.10294117647058823,0.004497,0.5117647058823529,http://www.californiahealthline.org/articles/2015/3/17/low-vaccination-rates-to-blame-for-disneyland-measles-outbreak,265,2001
45.10058700209646,73,8,9,0.10294117647058823,0.004732,0.5117647058823529,http://www.californiahealthline.org/articles/2015/3/17/low-vaccination-rates-to-blame-for-disneyland-measles-outbreak,265,2001
52.96581600831601,94,68,17,0.0328108003108003,0.006764,0.4034171099555714,http://www.cdc.gov/mmwr/preview/mmwrhtml/mm6414a1.htm,1729,1996
52.96581600831601,94,68,17,0.0328108003108003,0.005743,0.4034171099555714,http://www.cdc.gov/mmwr/preview/mmwrhtml/mm6414a1.htm,1729,1996
57.26988569649531,66,5,9,0.13360639360639362,0.171098,0.4202508602508602,http://www.cidrap.umn.edu/news-perspective/2015/08/reports-show-early-childhood-immunization-rates-stay-high-exemption-levels,511,2002
57.26988569649531,66,5,9,0.13360639360639362,0.166449,0.4202508602508602,http://www.cidrap.umn.edu/news-perspective/2015/08/reports-show-early-childhood-immunization-rates-stay-high-exemption-levels,511,2002
57.26988569649531,66,5,9,0.13360639360639362,0.166797,0.4202508602508602,http://www.cidrap.umn.edu/news-perspective/2015/08/reports-show-early-childhood-immunization-rates-stay-high-exemption-levels,511,2002
51.258084327265124,55,29,16,0.09459823509823508,0.234163,0.493281385281385,http://www.greenmedinfo.com/blog/vaccinated-spreading-measles-who-merck-cdc-documents-confirms,1888,2009
51.258084327265124,55,29,16,0.09459823509823508,0.178645,0.493281385281385,http://www.greenmedinfo.com/blog/vaccinated-spreading-measles-who-merck-cdc-documents-confirms,1888,2009
51.258084327265124,55,29,16,0.09459823509823508,0.178154,0.493281385281385,http://www.greenmedinfo.com/blog/vaccinated-spreading-measles-who-merck-cdc-documents-confirms,1888,2009
64.04116454144905,85,9,11,0.10329190924018511,0.193304,0.4749700204010548,http://www.historyofvaccines.org/content/blog/measles-disneyland-and-renegade-pediatrician-new-york-times,797,2010
76.02583853080276,91,61,15,0.14102577231609487,0.006966,0.572811059907834,http://www.huffingtonpost.com/jennifer-raff/dear-parents-you-are-being-lied-to-about-vaccines_b_5112620.html,1181,2005
76.02583853080276,91,61,15,0.14102577231609487,0.005223,0.572811059907834,http://www.huffingtonpost.com/jennifer-raff/dear-parents-you-are-being-lied-to-about-vaccines_b_5112620.html,1181,2005
73.4173706896552,79,34,34,0.19999999999999998,0.262838,0.4780701754385964,http://www.infowars.com/disneyland-measles-outbreak-caused-by-vaccine/,174,1999
73.4173706896552,79,34,34,0.19999999999999998,0.27579,0.4780701754385964,http://www.infowars.com/disneyland-measles-outbreak-caused-by-vaccine/,174,1999
73.4173706896552,79,34,34,0.19999999999999998,0.26226,0.4780701754385964,http://www.infowars.com/disneyland-measles-outbreak-caused-by-vaccine/,174,1999
60.43963520492257,92,60,5,0.012369188782232272,0.009333,0.5202489177489177,http://www.latimes.com/opinion/editorials/la-ed-measles-disneyland-20150116-story.html,479,1996
60.43963520492257,92,60,5,0.012369188782232272,0.006408,0.5202489177489177,http://www.latimes.com/opinion/editorials/la-ed-measles-disneyland-20150116-story.html,479,1996
60.43963520492257,92,60,5,0.012369188782232272,0.006308,0.5202489177489177,http://www.latimes.com/opinion/editorials/la-ed-measles-disneyland-20150116-story.html,479,1996
60.43963520492257,92,60,5,0.012369188782232272,0.006595,0.5202489177489177,http://www.latimes.com/opinion/editorials/la-ed-measles-disneyland-20150116-story.html,479,1996
79.82132264920195,58,11,95,0.050898812927114824,0.91048,0.49199311171009286,http://www.modernalternativemama.com/2015/01/23/enough-enough-blaming-anti-vaxxers/,1441,2010
79.82132264920195,58,11,95,0.050898812927114824,0.929642,0.49199311171009286,http://www.modernalternativemama.com/2015/01/23/enough-enough-blaming-anti-vaxxers/,1441,2010
60.8105219923053,56,13,41,0.08815890269151139,0.007382,0.5439287439613524,http://www.naturalnews.com/048383_measles_outbreak_Disneyland_vaccine_inserts.html,1304,2007
60.8105219923053,56,13,41,0.08815890269151139,0.006832,0.5439287439613524,http://www.naturalnews.com/048383_measles_outbreak_Disneyland_vaccine_inserts.html,1304,2007
60.8105219923053,56,13,41,0.08815890269151139,0.019892,0.5439287439613524,http://www.naturalnews.com/048383_measles_outbreak_Disneyland_vaccine_inserts.html,1304,2007
42.89820895522388,56,13,32,0.09267345267345269,0.008123,0.4477164502164503,http://www.naturalnews.com/048519_vaccines_measles_virus_shedding.html,804,2007
42.89820895522388,56,13,32,0.09267345267345269,0.009624,0.4477164502164503,http://www.naturalnews.com/048519_vaccines_measles_virus_shedding.html,804,2007
42.89820895522388,56,13,32,0.09267345267345269,0.010452,0.4477164502164503,http://www.naturalnews.com/048519_vaccines_measles_virus_shedding.html,804,2007
45.51726489028215,56,13,32,-0.012843008539729854,0.007954,0.3964318240957586,http://www.naturalnews.com/048940_measles_outbreak_virus_shedding_Disneyland.html,609,2007
45.51726489028215,56,13,32,-0.012843008539729854,0.00723,0.3964318240957586,http://www.naturalnews.com/048940_measles_outbreak_virus_shedding_Disneyland.html,609,2007
45.51726489028215,56,13,32,-0.012843008539729854,0.00633,0.3964318240957586,http://www.naturalnews.com/048940_measles_outbreak_virus_shedding_Disneyland.html,609,2007
45.51726489028215,56,13,32,-0.012843008539729854,0.006604,0.3964318240957586,http://www.naturalnews.com/048940_measles_outbreak_virus_shedding_Disneyland.html,609,2007
57.452866074600365,56,13,32,0.08078282828282829,0.011676,0.53610101010101,http://www.naturalnews.com/049351_measles_outbreak_MMR_vaccine_Disneyland.html,563,2007
57.452866074600365,56,13,32,0.08078282828282829,0.00997,0.53610101010101,http://www.naturalnews.com/049351_measles_outbreak_MMR_vaccine_Disneyland.html,563,2007
85.9812862149057,91,56,30,0.029801175015460726,0.435299,0.5767139764996908,http://www.news.com.au/lifestyle/parenting/babies/this-is-my-son-griffin-and-he-may-have-measles-and-im-angry-angry-as-hell/news-story/8657486491ed812075170739e7a459fc,1012,1998
85.9812862149057,91,56,30,0.029801175015460726,0.164815,0.5767139764996908,http://www.news.com.au/lifestyle/parenting/babies/this-is-my-son-griffin-and-he-may-have-measles-and-im-angry-angry-as-hell/news-story/8657486491ed812075170739e7a459fc,1012,1998
66.13285714285716,94,64,12,0.1591745036572623,0.005718,0.44457854406130265,http://www.npr.org/sections/health-shots/2015/01/08/375832981/measles-makes-an-unwelcome-visit-to-disneyland,567,1997
66.13285714285716,94,64,12,0.1591745036572623,0.004893,0.44457854406130265,http://www.npr.org/sections/health-shots/2015/01/08/375832981/measles-makes-an-unwelcome-visit-to-disneyland,567,1997
66.13285714285716,94,64,12,0.1591745036572623,0.005511,0.44457854406130265,http://www.npr.org/sections/health-shots/2015/01/08/375832981/measles-makes-an-unwelcome-visit-to-disneyland,567,1997
66.13285714285716,94,64,12,0.1591745036572623,0.004982,0.44457854406130265,http://www.npr.org/sections/health-shots/2015/01/08/375832981/measles-makes-an-unwelcome-visit-to-disneyland,567,1997
66.13285714285716,94,64,12,0.1591745036572623,0.005205,0.44457854406130265,http://www.npr.org/sections/health-shots/2015/01/08/375832981/measles-makes-an-unwelcome-visit-to-disneyland,567,1997
57.72952380952384,33,19,17,0.05503288345641284,0.874237,0.4652831338596041,http://www.nvic.org/nvic-vaccine-news/january-2015/measles-in-disneyland-third-mmr-shot-and-vaccine.aspx,2240,2000
57.72952380952384,33,19,17,0.05503288345641284,0.891003,0.4652831338596041,http://www.nvic.org/nvic-vaccine-news/january-2015/measles-in-disneyland-third-mmr-shot-and-vaccine.aspx,2240,2000
57.72952380952384,33,19,17,0.05503288345641284,0.873877,0.4652831338596041,http://www.nvic.org/nvic-vaccine-news/january-2015/measles-in-disneyland-third-mmr-shot-and-vaccine.aspx,2240,2000
63.930555555555586,91,59,11,0.0766781949934124,0.006081,0.4470289855072463,http://www.nydailynews.com/life-style/health/disneyland-measles-outbreak-linked-vaccine-rate-article-1.2151859,648,1996
63.930555555555586,91,59,11,0.0766781949934124,0.006202,0.4470289855072463,http://www.nydailynews.com/life-style/health/disneyland-measles-outbreak-linked-vaccine-rate-article-1.2151859,648,1996
74.22713930348262,94,63,31,0.04564685582155462,0.468713,0.5414364123159303,http://www.pbs.org/newshour/updates/whos-risk-measles-maybe-think/,1080,1996
74.22713930348262,94,63,31,0.04564685582155462,0.496814,0.5414364123159303,http://www.pbs.org/newshour/updates/whos-risk-measles-maybe-think/,1080,1996
74.22713930348262,94,63,31,0.04564685582155462,0.480885,0.5414364123159303,http://www.pbs.org/newshour/updates/whos-risk-measles-maybe-think/,1080,1996
60.19625921375922,94,63,2,0.08215548340548341,0.014754,0.44896825396825396,http://www.reuters.com/article/us-measles-disneyland-idUSKBN0MC1OJ20150316,592,1996
60.19625921375922,94,63,2,0.08215548340548341,0.017877,0.44896825396825396,http://www.reuters.com/article/us-measles-disneyland-idUSKBN0MC1OJ20150316,592,1996
60.19625921375922,94,63,2,0.08215548340548341,0.015372,0.44896825396825396,http://www.reuters.com/article/us-measles-disneyland-idUSKBN0MC1OJ20150316,592,1996
60.19625921375922,94,63,2,0.08215548340548341,0.017164,0.44896825396825396,http://www.reuters.com/article/us-measles-disneyland-idUSKBN0MC1OJ20150316,592,1996
60.19625921375922,94,63,2,0.08215548340548341,0.028522,0.44896825396825396,http://www.reuters.com/article/us-measles-disneyland-idUSKBN0MC1OJ20150316,592,1996
68.71738900634253,94,64,13,0.12748980060343695,0.004911,0.4954170274170274,http://www.wired.com/2015/01/vaccinated-people-get-measles-disneyland-blame-unvaccinated/,792,1998
68.71738900634253,94,64,13,0.12748980060343695,0.004905,0.4954170274170274,http://www.wired.com/2015/01/vaccinated-people-get-measles-disneyland-blame-unvaccinated/,792,1998
68.71738900634253,94,64,13,0.12748980060343695,0.004194,0.4954170274170274,http://www.wired.com/2015/01/vaccinated-people-get-measles-disneyland-blame-unvaccinated/,792,1998
68.71738900634253,94,64,13,0.12748980060343695,0.004043,0.4954170274170274,http://www.wired.com/2015/01/vaccinated-people-get-measles-disneyland-blame-unvaccinated/,792,1998
61.59527426160341,66,8,8,0.035832004253056875,0.327685,0.4623737373737373,https://atlasmonitor.wordpress.com/2015/02/03/the-vaccine-debate-what-theyre-not-telling-you/,237,2013
61.59527426160341,66,8,8,0.035832004253056875,0.428759,0.4623737373737373,https://atlasmonitor.wordpress.com/2015/02/03/the-vaccine-debate-what-theyre-not-telling-you/,237,2013
61.59527426160341,66,8,8,0.035832004253056875,0.138679,0.4623737373737373,https://atlasmonitor.wordpress.com/2015/02/03/the-vaccine-debate-what-theyre-not-telling-you/,237,2013
108.70000000000002,92,60,3,0.0,0.131167,0.0,https://www.reddit.com/r/news/comments/2tpy27/completely_avoidable_vaccination_could_have/,10,2002
108.70000000000002,92,60,3,0.0,0.393774,0.0,https://www.reddit.com/r/news/comments/2tpy27/completely_avoidable_vaccination_could_have/,10,2002
109.12980769230771,92,60,3,0.5,0.136548,0.625,https://www.reddit.com/r/news/comments/2tpy27/completely_avoidable_vaccination_could_have/,13,2002
61.134848484848504,93,46,8,0.10215258487032676,0.426972,0.49557727935147305,https://www.sciencebasedmedicine.org/say-it-aint-so-mickey-a-holiday-measles-outbreak-makes-the-happiest-place-in-the-world-sad/,4080,2008
61.134848484848504,93,46,8,0.10215258487032676,0.205439,0.49557727935147305,https://www.sciencebasedmedicine.org/say-it-aint-so-mickey-a-holiday-measles-outbreak-makes-the-happiest-place-in-the-world-sad/,4080,2008
61.134848484848504,93,46,8,0.10215258487032676,0.133236,0.49557727935147305,https://www.sciencebasedmedicine.org/say-it-aint-so-mickey-a-holiday-measles-outbreak-makes-the-happiest-place-in-the-world-sad/,4080,2008
65.05407528641572,93,63,8,0.08234432234432232,0.030272,0.44905285190999467,https://www.washingtonpost.com/news/wonk/wp/2015/01/27/californias-epidemic-of-vaccine-denial-mapped/,936,1996
65.05407528641572,93,63,8,0.08234432234432232,0.029737,0.44905285190999467,https://www.washingtonpost.com/news/wonk/wp/2015/01/27/californias-epidemic-of-vaccine-denial-mapped/,936,1996
