url,overallQuality,accuracy,completeness,neutrality,relevance,trustworthiness,readability,precision
http://21stcenturywire.com/2015/02/04/us-measles-hoax-cdc-who-merck-documents-proves-vaccinated-are-spreading-virus/,2,2,2,1,3,2,3,2
http://21stcenturywire.com/2015/02/04/us-measles-hoax-cdc-who-merck-documents-proves-vaccinated-are-spreading-virus/,3,3,2,1,3,1,5,3
http://archpedi.jamanetwork.com/article.aspx?articleid=2203906,5,3,5,5,5,5,1,3
http://archpedi.jamanetwork.com/article.aspx?articleid=2203906,5,5,4,4,4,5,1,5
http://californiahealthline.org/morning-breakout/low-vaccination-rates-to-blame-for-disneyland-measles-outbreak/,3,2,1,1,3,2,2,3
http://californiahealthline.org/morning-breakout/low-vaccination-rates-to-blame-for-disneyland-measles-outbreak/,4,4,2,4,4,3,5,4
http://californiahealthline.org/morning-breakout/low-vaccination-rates-to-blame-for-disneyland-measles-outbreak/,4,3,1,5,5,4,4,3
http://californiahealthline.org/morning-breakout/low-vaccination-rates-to-blame-for-disneyland-measles-outbreak/,4,4,4,4,4,4,4,4
http://emergency.cdc.gov/HAN/han00376.asp,4,4,4,2,5,5,2,4
http://emergency.cdc.gov/HAN/han00376.asp,5,4,2,1,3,4,3,4
http://emergency.cdc.gov/HAN/han00376.asp,5,5,4,5,2,5,2,4
http://healthimpactnews.com/2015/the-truth-about-measles-the-mainstream-media-is-suppressing/,2,2,2,1,5,1,1,2
http://healthimpactnews.com/2015/the-truth-about-measles-the-mainstream-media-is-suppressing/,3,4,4,2,4,4,2,4
http://healthimpactnews.com/2015/the-truth-about-measles-the-mainstream-media-is-suppressing/,2,2,4,3,4,2,5,3
http://heavy.com/social/2015/02/measles-vaccine-vaccination-conspiracy-theories/,2,3,1,1,1,1,4,4
http://heavy.com/social/2015/02/measles-vaccine-vaccination-conspiracy-theories/,2,2,4,3,4,1,4,2
http://heavy.com/social/2015/02/measles-vaccine-vaccination-conspiracy-theories/,4,2,1,1,1,1,1,3
http://heavy.com/social/2015/02/measles-vaccine-vaccination-conspiracy-theories/,5,4,4,1,5,5,5,4
http://insideupmc.upmc.com/disney-measles-outbreak-a-consequence-of-low-vaccination-rates-easy-travel/,4,3,4,4,4,5,3,5
http://insideupmc.upmc.com/disney-measles-outbreak-a-consequence-of-low-vaccination-rates-easy-travel/,3,4,2,1,4,3,4,2
http://jezebel.com/no-shit-disneyland-measles-outbreak-linked-to-anti-vax-1691703914,3,3,3,3,3,3,3,3
http://jezebel.com/no-shit-disneyland-measles-outbreak-linked-to-anti-vax-1691703914,1,1,1,1,1,1,1,1
http://justthevax.blogspot.nl/2015/01/disneyland-measles-outbreak-is-due-to.html,2,2,1,1,4,1,3,2
http://justthevax.blogspot.nl/2015/01/disneyland-measles-outbreak-is-due-to.html,2,3,1,1,3,1,1,1
http://ldi.upenn.edu/voices/2015/01/31/don-t-expect-a-disneyland-effect,5,4,4,2,4,5,4,3
http://ldi.upenn.edu/voices/2015/01/31/don-t-expect-a-disneyland-effect,4,4,3,5,4,5,2,5
http://mom.me/blog/16898-dont-blame-disney-blame-anti-vaxxers/,1,2,1,1,1,1,1,1
http://mom.me/blog/16898-dont-blame-disney-blame-anti-vaxxers/,3,2,2,2,4,3,5,2
http://mom.me/blog/16898-dont-blame-disney-blame-anti-vaxxers/,3,3,1,1,5,2,5,2
http://nymag.com/daily/intelligencer/2015/01/anti-vaccinators-react-to-measles-outbreak.html,3,2,2,1,2,2,1,4
http://nymag.com/daily/intelligencer/2015/01/anti-vaccinators-react-to-measles-outbreak.html,1,1,1,1,1,1,1,1
http://patch.com/california/banning-beaumont/anti-vaxxers-blame-disneyland-measles-outbreak-report-concludes-0,5,4,4,3,5,4,4,4
http://patch.com/california/banning-beaumont/anti-vaxxers-blame-disneyland-measles-outbreak-report-concludes-0,3,3,2,3,5,4,1,3
http://patch.com/california/banning-beaumont/anti-vaxxers-blame-disneyland-measles-outbreak-report-concludes-0,3,3,2,3,2,2,2,2
http://patch.com/california/banning-beaumont/anti-vaxxers-blame-disneyland-measles-outbreak-report-concludes-0,3,3,4,2,4,2,1,4
http://thinkprogress.org/health/2015/03/18/3635358/disneyland-vaccine-study/,1,1,1,1,1,1,1,1
http://thinkprogress.org/health/2015/03/18/3635358/disneyland-vaccine-study/,4,4,3,1,4,3,4,5
http://thinkprogress.org/health/2015/03/18/3635358/disneyland-vaccine-study/,4,3,3,3,3,4,4,1
http://vaxtruth.org/2015/01/measles/,4,4,4,3,4,3,5,4
http://vaxtruth.org/2015/01/measles/,1,3,3,1,2,2,4,3
http://wonkette.com/580106/today-in-duh-science-yes-anti-vaxxers-caused-disneyland-measles-outbreak-duh-science,3,1,1,2,4,1,4,4
http://ww2.kqed.org/stateofhealth/2015/03/16/low-vaccination-rates-helped-stoke-disneyland-measles-outbreak/,4,3,2,4,4,3,4,4
http://ww2.kqed.org/stateofhealth/2015/03/16/low-vaccination-rates-helped-stoke-disneyland-measles-outbreak/,1,3,3,3,4,4,4,3
http://www.activistpost.com/2015/01/the-disney-measles-outbreak-mousetrap.html,2,2,1,1,3,2,2,2
http://www.activistpost.com/2015/01/the-disney-measles-outbreak-mousetrap.html,1,1,1,1,5,1,4,4
http://www.activistpost.com/2015/01/the-disney-measles-outbreak-mousetrap.html,3,3,2,1,4,2,3,4
http://www.activistpost.com/2015/01/the-disney-measles-outbreak-mousetrap.html,4,4,5,4,4,4,2,4
http://www.ageofautism.com/2015/01/disney-measles-and-the-fantasyland-of-vaccine-perfection.html,1,1,1,1,1,1,4,2
http://www.ageofautism.com/2015/01/disney-measles-and-the-fantasyland-of-vaccine-perfection.html,2,3,3,1,4,2,2,3
http://www.ageofautism.com/2015/01/disney-measles-and-the-fantasyland-of-vaccine-perfection.html,2,2,1,1,4,1,3,3
http://www.californiahealthline.org/articles/2015/3/17/low-vaccination-rates-to-blame-for-disneyland-measles-outbreak,3,3,4,2,1,4,4,3
http://www.californiahealthline.org/articles/2015/3/17/low-vaccination-rates-to-blame-for-disneyland-measles-outbreak,5,4,1,3,4,3,5,4
http://www.californiahealthline.org/articles/2015/3/17/low-vaccination-rates-to-blame-for-disneyland-measles-outbreak,1,1,1,1,1,1,1,1
http://www.cdc.gov/mmwr/preview/mmwrhtml/mm6414a1.htm,5,5,5,5,5,5,2,5
http://www.cdc.gov/mmwr/preview/mmwrhtml/mm6414a1.htm,5,4,4,3,3,4,2,4
http://www.cdph.ca.gov/Pages/NR15-002.aspx,4,4,4,1,5,4,2,4
http://www.cdph.ca.gov/Pages/NR15-002.aspx,5,5,5,5,4,5,3,4
http://www.cidrap.umn.edu/news-perspective/2015/08/reports-show-early-childhood-immunization-rates-stay-high-exemption-levels,3,3,1,2,4,3,5,3
http://www.cidrap.umn.edu/news-perspective/2015/08/reports-show-early-childhood-immunization-rates-stay-high-exemption-levels,4,3,3,3,4,3,4,4
http://www.cidrap.umn.edu/news-perspective/2015/08/reports-show-early-childhood-immunization-rates-stay-high-exemption-levels,1,1,1,1,1,1,1,1
http://www.globalresearch.ca/measles-outbreak-documented-among-fully-immunized-group-of-children/5431567,1,2,1,1,2,1,1,2
http://www.globalresearch.ca/measles-outbreak-documented-among-fully-immunized-group-of-children/5431567,4,4,5,3,4,4,3,4
http://www.globalresearch.ca/measles-outbreak-documented-among-fully-immunized-group-of-children/5431567,2,1,2,1,5,2,3,2
http://www.greenmedinfo.com/blog/vaccinated-spreading-measles-who-merck-cdc-documents-confirms,4,3,3,5,5,4,2,4
http://www.greenmedinfo.com/blog/vaccinated-spreading-measles-who-merck-cdc-documents-confirms,3,3,3,2,3,2,4,2
http://www.greenmedinfo.com/blog/vaccinated-spreading-measles-who-merck-cdc-documents-confirms,1,1,1,1,1,1,1,1
http://www.historyofvaccines.org/content/blog/measles-disneyland-and-renegade-pediatrician-new-york-times,3,3,3,3,3,3,3,3
http://www.historyofvaccines.org/content/blog/measles-disneyland-and-renegade-pediatrician-new-york-times,4,4,3,3,5,3,2,5
http://www.historyofvaccines.org/content/blog/measles-disneyland-and-renegade-pediatrician-new-york-times,3,3,2,3,3,3,2,3
http://www.huffingtonpost.com/jennifer-raff/dear-parents-you-are-being-lied-to-about-vaccines_b_5112620.html,5,5,5,4,5,5,3,5
http://www.huffingtonpost.com/jennifer-raff/dear-parents-you-are-being-lied-to-about-vaccines_b_5112620.html,4,4,4,5,4,4,3,4
http://www.infowars.com/disneyland-measles-outbreak-caused-by-vaccine/,1,1,1,1,1,1,1,1
http://www.infowars.com/disneyland-measles-outbreak-caused-by-vaccine/,4,3,3,3,4,3,3,1
http://www.infowars.com/disneyland-measles-outbreak-caused-by-vaccine/,3,2,1,4,4,3,5,2
http://www.kidnurse.org/my-journey-leaving-the-anti-vaccination-movement/,2,1,1,1,4,1,3,4
http://www.kidnurse.org/my-journey-leaving-the-anti-vaccination-movement/,1,2,3,1,5,4,5,2
http://www.kidnurse.org/parents-unvaccinated-child-exposed-family-measles/,2,2,2,1,3,2,2,3
http://www.kidnurse.org/parents-unvaccinated-child-exposed-family-measles/,3,4,2,1,4,2,4,4
http://www.kidnurse.org/parents-unvaccinated-child-exposed-family-measles/,3,3,1,1,2,1,4,3
http://www.latimes.com/opinion/editorials/la-ed-measles-disneyland-20150116-story.html,4,3,3,1,4,4,4,3
http://www.latimes.com/opinion/editorials/la-ed-measles-disneyland-20150116-story.html,1,3,3,3,3,4,4,3
http://www.latimes.com/opinion/editorials/la-ed-measles-disneyland-20150116-story.html,4,5,2,2,5,3,5,3
http://www.latimes.com/opinion/editorials/la-ed-measles-disneyland-20150116-story.html,2,2,2,1,2,4,4,2
http://www.modernalternativemama.com/2015/01/23/enough-enough-blaming-anti-vaxxers/,3,3,3,1,3,2,3,2
http://www.modernalternativemama.com/2015/01/23/enough-enough-blaming-anti-vaxxers/,3,1,1,1,1,1,3,1
http://www.naturalnews.com/048383_measles_outbreak_Disneyland_vaccine_inserts.html,4,4,3,2,5,4,5,5
http://www.naturalnews.com/048383_measles_outbreak_Disneyland_vaccine_inserts.html,4,4,3,1,5,3,2,5
http://www.naturalnews.com/048383_measles_outbreak_Disneyland_vaccine_inserts.html,2,3,2,1,4,3,2,3
http://www.naturalnews.com/048519_vaccines_measles_virus_shedding.html,2,3,2,1,3,1,3,3
http://www.naturalnews.com/048519_vaccines_measles_virus_shedding.html,4,5,4,3,5,5,2,4
http://www.naturalnews.com/048519_vaccines_measles_virus_shedding.html,3,2,2,2,4,2,5,3
http://www.naturalnews.com/048940_measles_outbreak_virus_shedding_Disneyland.html,3,4,2,4,3,4,3,4
http://www.naturalnews.com/048940_measles_outbreak_virus_shedding_Disneyland.html,3,3,3,1,5,1,5,1
http://www.naturalnews.com/048940_measles_outbreak_virus_shedding_Disneyland.html,1,1,1,1,1,1,1,1
http://www.naturalnews.com/048940_measles_outbreak_virus_shedding_Disneyland.html,3,2,2,1,1,3,4,2
http://www.naturalnews.com/049351_measles_outbreak_MMR_vaccine_Disneyland.html,2,2,4,1,5,2,4,4
http://www.naturalnews.com/049351_measles_outbreak_MMR_vaccine_Disneyland.html,3,4,3,1,1,4,3,2
http://www.news.com.au/lifestyle/parenting/babies/this-is-my-son-griffin-and-he-may-have-measles-and-im-angry-angry-as-hell/news-story/8657486491ed812075170739e7a459fc,4,4,1,2,5,4,5,4
http://www.news.com.au/lifestyle/parenting/babies/this-is-my-son-griffin-and-he-may-have-measles-and-im-angry-angry-as-hell/news-story/8657486491ed812075170739e7a459fc,3,4,4,3,4,2,2,2
http://www.npr.org/sections/health-shots/2015/01/08/375832981/measles-makes-an-unwelcome-visit-to-disneyland,5,5,4,5,4,5,5,5
http://www.npr.org/sections/health-shots/2015/01/08/375832981/measles-makes-an-unwelcome-visit-to-disneyland,3,3,1,4,5,3,3,3
http://www.npr.org/sections/health-shots/2015/01/08/375832981/measles-makes-an-unwelcome-visit-to-disneyland,4,5,4,3,5,5,5,4
http://www.npr.org/sections/health-shots/2015/01/08/375832981/measles-makes-an-unwelcome-visit-to-disneyland,5,4,1,4,5,5,5,5
http://www.npr.org/sections/health-shots/2015/01/08/375832981/measles-makes-an-unwelcome-visit-to-disneyland,4,4,4,3,5,4,4,4
http://www.nvic.org/nvic-vaccine-news/january-2015/measles-in-disneyland-third-mmr-shot-and-vaccine.aspx,4,4,4,3,4,3,4,4
http://www.nvic.org/nvic-vaccine-news/january-2015/measles-in-disneyland-third-mmr-shot-and-vaccine.aspx,4,3,4,3,5,3,3,4
http://www.nvic.org/nvic-vaccine-news/january-2015/measles-in-disneyland-third-mmr-shot-and-vaccine.aspx,2,2,3,1,3,2,4,5
http://www.nydailynews.com/life-style/health/disneyland-measles-outbreak-linked-vaccine-rate-article-1.2151859,4,4,4,2,4,4,4,3
http://www.nydailynews.com/life-style/health/disneyland-measles-outbreak-linked-vaccine-rate-article-1.2151859,4,4,4,4,4,4,4,4
http://www.nytimes.com/2015/01/31/us/vaccine-critics-turn-defensive-over-measles.html?_r=0,5,4,4,3,3,4,5,5
http://www.nytimes.com/2015/01/31/us/vaccine-critics-turn-defensive-over-measles.html?_r=0,5,4,5,3,5,4,4,4
http://www.pbs.org/newshour/updates/whos-risk-measles-maybe-think/,4,4,4,3,4,3,5,3
http://www.pbs.org/newshour/updates/whos-risk-measles-maybe-think/,4,4,4,3,4,3,4,4
http://www.pbs.org/newshour/updates/whos-risk-measles-maybe-think/,3,3,3,2,5,2,5,2
http://www.reuters.com/article/us-measles-disneyland-idUSKBN0MC1OJ20150316,3,3,4,3,4,3,4,3
http://www.reuters.com/article/us-measles-disneyland-idUSKBN0MC1OJ20150316,4,4,4,4,4,4,4,4
http://www.reuters.com/article/us-measles-disneyland-idUSKBN0MC1OJ20150316,3,4,2,3,3,4,3,3
http://www.reuters.com/article/us-measles-disneyland-idUSKBN0MC1OJ20150316,3,4,4,4,4,4,4,4
http://www.reuters.com/article/us-measles-disneyland-idUSKBN0MC1OJ20150316,3,3,2,3,5,3,3,3
http://www.wired.com/2015/01/vaccinated-people-get-measles-disneyland-blame-unvaccinated/,4,5,5,4,5,4,5,4
http://www.wired.com/2015/01/vaccinated-people-get-measles-disneyland-blame-unvaccinated/,1,2,1,1,1,1,1,1
http://www.wired.com/2015/01/vaccinated-people-get-measles-disneyland-blame-unvaccinated/,4,5,5,5,4,5,5,4
http://www.wired.com/2015/01/vaccinated-people-get-measles-disneyland-blame-unvaccinated/,4,4,3,1,4,4,4,4
https://atlasmonitor.wordpress.com/2015/02/03/the-vaccine-debate-what-theyre-not-telling-you/,1,2,2,1,4,2,3,3
https://atlasmonitor.wordpress.com/2015/02/03/the-vaccine-debate-what-theyre-not-telling-you/,2,1,2,1,1,1,1,2
https://atlasmonitor.wordpress.com/2015/02/03/the-vaccine-debate-what-theyre-not-telling-you/,1,1,1,1,4,1,2,1
https://morristown.worldwebs.com/forums/discussion/id/107499-Anti-vaccine-people-have-helped-measles-make-a-comeback?page=10,1,1,1,1,1,1,1,1
https://morristown.worldwebs.com/forums/discussion/id/107499-Anti-vaccine-people-have-helped-measles-make-a-comeback?page=10,2,2,2,1,2,2,4,2
https://www.reddit.com/r/news/comments/2tpy27/completely_avoidable_vaccination_could_have/,3,3,1,2,5,3,2,2
https://www.reddit.com/r/news/comments/2tpy27/completely_avoidable_vaccination_could_have/,1,1,1,1,1,1,1,1
https://www.reddit.com/r/news/comments/2tpy27/completely_avoidable_vaccination_could_have/,4,4,2,3,4,4,2,3
https://www.sciencebasedmedicine.org/say-it-aint-so-mickey-a-holiday-measles-outbreak-makes-the-happiest-place-in-the-world-sad/,3,3,3,1,5,1,5,2
https://www.sciencebasedmedicine.org/say-it-aint-so-mickey-a-holiday-measles-outbreak-makes-the-happiest-place-in-the-world-sad/,3,3,4,4,3,4,1,4
https://www.sciencebasedmedicine.org/say-it-aint-so-mickey-a-holiday-measles-outbreak-makes-the-happiest-place-in-the-world-sad/,3,4,5,3,5,1,3,4
https://www.washingtonpost.com/news/wonk/wp/2015/01/27/californias-epidemic-of-vaccine-denial-mapped/,5,5,3,3,5,5,4,5
https://www.washingtonpost.com/news/wonk/wp/2015/01/27/californias-epidemic-of-vaccine-denial-mapped/,4,4,4,3,5,4,4,4
https://www.yahoo.com/news/disney-measles-outbreak-sparked-vaccination-debate-ends-204440487.html?ref=gs,1,1,1,1,1,1,1,1
https://www.yahoo.com/news/disney-measles-outbreak-sparked-vaccination-debate-ends-204440487.html?ref=gs,3,4,3,4,1,4,3,2