url,overallQuality,accuracy,completeness,neutrality,relevance,trustworthiness,readability,precision,fleschscore,highwot,lowwot,pictures,polarity,reponsetime,subjectivity,wordcount,yeararchive
http://21stcenturywire.com/2015/02/04/us-measles-hoax-cdc-who-merck-documents-proves-vaccinated-are-spreading-virus/,2,2,2,1,3,2,3,2,56.201660493480006,21,0,21,0.10341902389847596,0.202646,0.4752109648342522,1753,2009
http://21stcenturywire.com/2015/02/04/us-measles-hoax-cdc-who-merck-documents-proves-vaccinated-are-spreading-virus/,2,2,2,1,3,2,3,2,56.201660493480006,21,0,21,0.10341902389847596,0.166427,0.4752109648342522,1753,2009
http://21stcenturywire.com/2015/02/04/us-measles-hoax-cdc-who-merck-documents-proves-vaccinated-are-spreading-virus/,3,3,2,1,3,1,5,3,56.201660493480006,21,0,21,0.10341902389847596,0.202646,0.4752109648342522,1753,2009
http://21stcenturywire.com/2015/02/04/us-measles-hoax-cdc-who-merck-documents-proves-vaccinated-are-spreading-virus/,3,3,2,1,3,1,5,3,56.201660493480006,21,0,21,0.10341902389847596,0.166427,0.4752109648342522,1753,2009
http://californiahealthline.org/morning-breakout/low-vaccination-rates-to-blame-for-disneyland-measles-outbreak/,3,2,1,1,3,2,2,3,45.10058700209646,73,8,9,0.10294117647058824,0.0044469999999999996,0.5117647058823529,265,2001
http://californiahealthline.org/morning-breakout/low-vaccination-rates-to-blame-for-disneyland-measles-outbreak/,3,2,1,1,3,2,2,3,45.10058700209646,73,8,9,0.10294117647058824,0.0042899999999999995,0.5117647058823529,265,2001
http://californiahealthline.org/morning-breakout/low-vaccination-rates-to-blame-for-disneyland-measles-outbreak/,3,2,1,1,3,2,2,3,45.10058700209646,73,8,9,0.10294117647058824,0.004293,0.5117647058823529,265,2001
http://californiahealthline.org/morning-breakout/low-vaccination-rates-to-blame-for-disneyland-measles-outbreak/,3,2,1,1,3,2,2,3,45.10058700209646,73,8,9,0.10294117647058824,0.0044,0.5117647058823529,265,2001
http://californiahealthline.org/morning-breakout/low-vaccination-rates-to-blame-for-disneyland-measles-outbreak/,4,4,2,4,4,3,5,4,45.10058700209646,73,8,9,0.10294117647058824,0.0044469999999999996,0.5117647058823529,265,2001
http://californiahealthline.org/morning-breakout/low-vaccination-rates-to-blame-for-disneyland-measles-outbreak/,4,4,2,4,4,3,5,4,45.10058700209646,73,8,9,0.10294117647058824,0.0042899999999999995,0.5117647058823529,265,2001
http://californiahealthline.org/morning-breakout/low-vaccination-rates-to-blame-for-disneyland-measles-outbreak/,4,4,2,4,4,3,5,4,45.10058700209646,73,8,9,0.10294117647058824,0.004293,0.5117647058823529,265,2001
http://californiahealthline.org/morning-breakout/low-vaccination-rates-to-blame-for-disneyland-measles-outbreak/,4,4,2,4,4,3,5,4,45.10058700209646,73,8,9,0.10294117647058824,0.0044,0.5117647058823529,265,2001
http://californiahealthline.org/morning-breakout/low-vaccination-rates-to-blame-for-disneyland-measles-outbreak/,4,3,1,5,5,4,4,3,45.10058700209646,73,8,9,0.10294117647058824,0.0044469999999999996,0.5117647058823529,265,2001
http://californiahealthline.org/morning-breakout/low-vaccination-rates-to-blame-for-disneyland-measles-outbreak/,4,3,1,5,5,4,4,3,45.10058700209646,73,8,9,0.10294117647058824,0.0042899999999999995,0.5117647058823529,265,2001
http://californiahealthline.org/morning-breakout/low-vaccination-rates-to-blame-for-disneyland-measles-outbreak/,4,3,1,5,5,4,4,3,45.10058700209646,73,8,9,0.10294117647058824,0.004293,0.5117647058823529,265,2001
http://californiahealthline.org/morning-breakout/low-vaccination-rates-to-blame-for-disneyland-measles-outbreak/,4,3,1,5,5,4,4,3,45.10058700209646,73,8,9,0.10294117647058824,0.0044,0.5117647058823529,265,2001
http://californiahealthline.org/morning-breakout/low-vaccination-rates-to-blame-for-disneyland-measles-outbreak/,4,4,4,4,4,4,4,4,45.10058700209646,73,8,9,0.10294117647058824,0.0044469999999999996,0.5117647058823529,265,2001
http://californiahealthline.org/morning-breakout/low-vaccination-rates-to-blame-for-disneyland-measles-outbreak/,4,4,4,4,4,4,4,4,45.10058700209646,73,8,9,0.10294117647058824,0.0042899999999999995,0.5117647058823529,265,2001
http://californiahealthline.org/morning-breakout/low-vaccination-rates-to-blame-for-disneyland-measles-outbreak/,4,4,4,4,4,4,4,4,45.10058700209646,73,8,9,0.10294117647058824,0.004293,0.5117647058823529,265,2001
http://californiahealthline.org/morning-breakout/low-vaccination-rates-to-blame-for-disneyland-measles-outbreak/,4,4,4,4,4,4,4,4,45.10058700209646,73,8,9,0.10294117647058824,0.0044,0.5117647058823529,265,2001
http://emergency.cdc.gov/HAN/han00376.asp,4,4,4,2,5,5,2,4,56.40030940594062,92,32,9,0.11444124922696355,0.004719,0.34839115646258484,1111,2007
http://emergency.cdc.gov/HAN/han00376.asp,4,4,4,2,5,5,2,4,56.40030940594062,92,32,9,0.11444124922696355,0.004297,0.34839115646258484,1111,2007
http://emergency.cdc.gov/HAN/han00376.asp,4,4,4,2,5,5,2,4,56.40030940594062,92,32,9,0.11444124922696355,0.005012,0.34839115646258484,1111,2007
http://emergency.cdc.gov/HAN/han00376.asp,5,4,2,1,3,4,3,4,56.40030940594062,92,32,9,0.11444124922696355,0.004719,0.34839115646258484,1111,2007
http://emergency.cdc.gov/HAN/han00376.asp,5,4,2,1,3,4,3,4,56.40030940594062,92,32,9,0.11444124922696355,0.004297,0.34839115646258484,1111,2007
http://emergency.cdc.gov/HAN/han00376.asp,5,4,2,1,3,4,3,4,56.40030940594062,92,32,9,0.11444124922696355,0.005012,0.34839115646258484,1111,2007
http://emergency.cdc.gov/HAN/han00376.asp,5,5,4,5,2,5,2,4,56.40030940594062,92,32,9,0.11444124922696355,0.004719,0.34839115646258484,1111,2007
http://emergency.cdc.gov/HAN/han00376.asp,5,5,4,5,2,5,2,4,56.40030940594062,92,32,9,0.11444124922696355,0.004297,0.34839115646258484,1111,2007
http://emergency.cdc.gov/HAN/han00376.asp,5,5,4,5,2,5,2,4,56.40030940594062,92,32,9,0.11444124922696355,0.005012,0.34839115646258484,1111,2007
http://healthimpactnews.com/2015/the-truth-about-measles-the-mainstream-media-is-suppressing/,2,2,2,1,5,1,1,2,65.92331031385642,34,29,33,0.07337506119872192,0.41424099999999997,0.4618253968253971,4295,2011
http://healthimpactnews.com/2015/the-truth-about-measles-the-mainstream-media-is-suppressing/,2,2,2,1,5,1,1,2,65.92331031385642,34,29,33,0.07337506119872192,0.41313900000000003,0.4618253968253971,4295,2011
http://healthimpactnews.com/2015/the-truth-about-measles-the-mainstream-media-is-suppressing/,2,2,2,1,5,1,1,2,65.92331031385642,34,29,33,0.07337506119872192,0.413866,0.4618253968253971,4295,2011
http://healthimpactnews.com/2015/the-truth-about-measles-the-mainstream-media-is-suppressing/,3,4,4,2,4,4,2,4,65.92331031385642,34,29,33,0.07337506119872192,0.41424099999999997,0.4618253968253971,4295,2011
http://healthimpactnews.com/2015/the-truth-about-measles-the-mainstream-media-is-suppressing/,3,4,4,2,4,4,2,4,65.92331031385642,34,29,33,0.07337506119872192,0.41313900000000003,0.4618253968253971,4295,2011
http://healthimpactnews.com/2015/the-truth-about-measles-the-mainstream-media-is-suppressing/,3,4,4,2,4,4,2,4,65.92331031385642,34,29,33,0.07337506119872192,0.413866,0.4618253968253971,4295,2011
http://healthimpactnews.com/2015/the-truth-about-measles-the-mainstream-media-is-suppressing/,2,2,4,3,4,2,5,3,65.92331031385642,34,29,33,0.07337506119872192,0.41424099999999997,0.4618253968253971,4295,2011
http://healthimpactnews.com/2015/the-truth-about-measles-the-mainstream-media-is-suppressing/,2,2,4,3,4,2,5,3,65.92331031385642,34,29,33,0.07337506119872192,0.41313900000000003,0.4618253968253971,4295,2011
http://healthimpactnews.com/2015/the-truth-about-measles-the-mainstream-media-is-suppressing/,2,2,4,3,4,2,5,3,65.92331031385642,34,29,33,0.07337506119872192,0.413866,0.4618253968253971,4295,2011
http://heavy.com/social/2015/02/measles-vaccine-vaccination-conspiracy-theories/,2,3,1,1,1,1,4,4,65.30423810250153,81,43,15,0.10690099755317144,0.345475,0.4788885751929228,1490,1996
http://heavy.com/social/2015/02/measles-vaccine-vaccination-conspiracy-theories/,2,3,1,1,1,1,4,4,65.30423810250153,81,43,15,0.10690099755317144,0.313037,0.4788885751929228,1490,1996
http://heavy.com/social/2015/02/measles-vaccine-vaccination-conspiracy-theories/,2,3,1,1,1,1,4,4,65.30423810250153,81,43,15,0.10690099755317144,0.145318,0.4788885751929228,1490,1996
http://heavy.com/social/2015/02/measles-vaccine-vaccination-conspiracy-theories/,2,3,1,1,1,1,4,4,65.30423810250153,81,43,15,0.10690099755317144,0.146221,0.4788885751929228,1490,1996
http://heavy.com/social/2015/02/measles-vaccine-vaccination-conspiracy-theories/,2,2,4,3,4,1,4,2,65.30423810250153,81,43,15,0.10690099755317144,0.345475,0.4788885751929228,1490,1996
http://heavy.com/social/2015/02/measles-vaccine-vaccination-conspiracy-theories/,2,2,4,3,4,1,4,2,65.30423810250153,81,43,15,0.10690099755317144,0.313037,0.4788885751929228,1490,1996
http://heavy.com/social/2015/02/measles-vaccine-vaccination-conspiracy-theories/,2,2,4,3,4,1,4,2,65.30423810250153,81,43,15,0.10690099755317144,0.145318,0.4788885751929228,1490,1996
http://heavy.com/social/2015/02/measles-vaccine-vaccination-conspiracy-theories/,2,2,4,3,4,1,4,2,65.30423810250153,81,43,15,0.10690099755317144,0.146221,0.4788885751929228,1490,1996
http://heavy.com/social/2015/02/measles-vaccine-vaccination-conspiracy-theories/,4,2,1,1,1,1,1,3,65.30423810250153,81,43,15,0.10690099755317144,0.345475,0.4788885751929228,1490,1996
http://heavy.com/social/2015/02/measles-vaccine-vaccination-conspiracy-theories/,4,2,1,1,1,1,1,3,65.30423810250153,81,43,15,0.10690099755317144,0.313037,0.4788885751929228,1490,1996
http://heavy.com/social/2015/02/measles-vaccine-vaccination-conspiracy-theories/,4,2,1,1,1,1,1,3,65.30423810250153,81,43,15,0.10690099755317144,0.145318,0.4788885751929228,1490,1996
http://heavy.com/social/2015/02/measles-vaccine-vaccination-conspiracy-theories/,4,2,1,1,1,1,1,3,65.30423810250153,81,43,15,0.10690099755317144,0.146221,0.4788885751929228,1490,1996
http://heavy.com/social/2015/02/measles-vaccine-vaccination-conspiracy-theories/,5,4,4,1,5,5,5,4,65.30423810250153,81,43,15,0.10690099755317144,0.345475,0.4788885751929228,1490,1996
http://heavy.com/social/2015/02/measles-vaccine-vaccination-conspiracy-theories/,5,4,4,1,5,5,5,4,65.30423810250153,81,43,15,0.10690099755317144,0.313037,0.4788885751929228,1490,1996
http://heavy.com/social/2015/02/measles-vaccine-vaccination-conspiracy-theories/,5,4,4,1,5,5,5,4,65.30423810250153,81,43,15,0.10690099755317144,0.145318,0.4788885751929228,1490,1996
http://heavy.com/social/2015/02/measles-vaccine-vaccination-conspiracy-theories/,5,4,4,1,5,5,5,4,65.30423810250153,81,43,15,0.10690099755317144,0.146221,0.4788885751929228,1490,1996
http://insideupmc.upmc.com/disney-measles-outbreak-a-consequence-of-low-vaccination-rates-easy-travel/,4,3,4,4,4,5,3,5,67.77556234379342,86,18,9,0.15343187514240145,0.5499649999999999,0.4522347535505432,554,2014
http://insideupmc.upmc.com/disney-measles-outbreak-a-consequence-of-low-vaccination-rates-easy-travel/,4,3,4,4,4,5,3,5,67.77556234379342,86,18,9,0.15343187514240145,0.625659,0.4522347535505432,554,2014
http://insideupmc.upmc.com/disney-measles-outbreak-a-consequence-of-low-vaccination-rates-easy-travel/,3,4,2,1,4,3,4,2,67.77556234379342,86,18,9,0.15343187514240145,0.5499649999999999,0.4522347535505432,554,2014
http://insideupmc.upmc.com/disney-measles-outbreak-a-consequence-of-low-vaccination-rates-easy-travel/,3,4,2,1,4,3,4,2,67.77556234379342,86,18,9,0.15343187514240145,0.625659,0.4522347535505432,554,2014
http://jezebel.com/no-shit-disneyland-measles-outbreak-linked-to-anti-vax-1691703914,3,3,3,3,3,3,3,3,57.13637209302328,90,52,8,0.04557210031347963,0.005516,0.4014629049111808,387,1996
http://jezebel.com/no-shit-disneyland-measles-outbreak-linked-to-anti-vax-1691703914,3,3,3,3,3,3,3,3,57.13637209302328,90,52,8,0.04557210031347963,0.005640999999999999,0.4014629049111808,387,1996
http://jezebel.com/no-shit-disneyland-measles-outbreak-linked-to-anti-vax-1691703914,1,1,1,1,1,1,1,1,57.13637209302328,90,52,8,0.04557210031347963,0.005516,0.4014629049111808,387,1996
http://jezebel.com/no-shit-disneyland-measles-outbreak-linked-to-anti-vax-1691703914,1,1,1,1,1,1,1,1,57.13637209302328,90,52,8,0.04557210031347963,0.005640999999999999,0.4014629049111808,387,1996
http://ldi.upenn.edu/voices/2015/01/31/don-t-expect-a-disneyland-effect,5,4,4,2,4,5,4,3,53.38129491945478,93,23,8,0.05243971306471306,0.005106,0.4171859737484737,1076,2011
http://ldi.upenn.edu/voices/2015/01/31/don-t-expect-a-disneyland-effect,5,4,4,2,4,5,4,3,53.38129491945478,93,23,8,0.05243971306471306,0.0046689999999999995,0.4171859737484737,1076,2011
http://ldi.upenn.edu/voices/2015/01/31/don-t-expect-a-disneyland-effect,4,4,3,5,4,5,2,5,53.38129491945478,93,23,8,0.05243971306471306,0.005106,0.4171859737484737,1076,2011
http://ldi.upenn.edu/voices/2015/01/31/don-t-expect-a-disneyland-effect,4,4,3,5,4,5,2,5,53.38129491945478,93,23,8,0.05243971306471306,0.0046689999999999995,0.4171859737484737,1076,2011
http://nymag.com/daily/intelligencer/2015/01/anti-vaccinators-react-to-measles-outbreak.html,3,2,2,1,2,2,1,4,70.06060589543941,91,55,4,0.06998775155025151,0.006012,0.4628554609804612,1798,1998
http://nymag.com/daily/intelligencer/2015/01/anti-vaccinators-react-to-measles-outbreak.html,3,2,2,1,2,2,1,4,70.06060589543941,91,55,4,0.06998775155025151,0.007333,0.4628554609804612,1798,1998
http://nymag.com/daily/intelligencer/2015/01/anti-vaccinators-react-to-measles-outbreak.html,1,1,1,1,1,1,1,1,70.06060589543941,91,55,4,0.06998775155025151,0.006012,0.4628554609804612,1798,1998
http://nymag.com/daily/intelligencer/2015/01/anti-vaccinators-react-to-measles-outbreak.html,1,1,1,1,1,1,1,1,70.06060589543941,91,55,4,0.06998775155025151,0.007333,0.4628554609804612,1798,1998
http://patch.com/california/banning-beaumont/anti-vaxxers-blame-disneyland-measles-outbreak-report-concludes-0,5,4,4,3,5,4,4,4,64.47492951056394,88,29,19,0.10404040404040404,0.004594,0.4173910154173313,731,1996
http://patch.com/california/banning-beaumont/anti-vaxxers-blame-disneyland-measles-outbreak-report-concludes-0,5,4,4,3,5,4,4,4,64.47492951056394,88,29,19,0.10404040404040404,0.004898,0.4173910154173313,731,1996
http://patch.com/california/banning-beaumont/anti-vaxxers-blame-disneyland-measles-outbreak-report-concludes-0,5,4,4,3,5,4,4,4,64.47492951056394,88,29,19,0.10404040404040404,0.00428,0.4173910154173313,731,1996
http://patch.com/california/banning-beaumont/anti-vaxxers-blame-disneyland-measles-outbreak-report-concludes-0,5,4,4,3,5,4,4,4,64.47492951056394,88,29,19,0.10404040404040404,0.0042,0.4173910154173313,731,1996
http://patch.com/california/banning-beaumont/anti-vaxxers-blame-disneyland-measles-outbreak-report-concludes-0,3,3,2,3,5,4,1,3,64.47492951056394,88,29,19,0.10404040404040404,0.004594,0.4173910154173313,731,1996
http://patch.com/california/banning-beaumont/anti-vaxxers-blame-disneyland-measles-outbreak-report-concludes-0,3,3,2,3,5,4,1,3,64.47492951056394,88,29,19,0.10404040404040404,0.004898,0.4173910154173313,731,1996
http://patch.com/california/banning-beaumont/anti-vaxxers-blame-disneyland-measles-outbreak-report-concludes-0,3,3,2,3,5,4,1,3,64.47492951056394,88,29,19,0.10404040404040404,0.00428,0.4173910154173313,731,1996
http://patch.com/california/banning-beaumont/anti-vaxxers-blame-disneyland-measles-outbreak-report-concludes-0,3,3,2,3,5,4,1,3,64.47492951056394,88,29,19,0.10404040404040404,0.0042,0.4173910154173313,731,1996
http://patch.com/california/banning-beaumont/anti-vaxxers-blame-disneyland-measles-outbreak-report-concludes-0,3,3,2,3,2,2,2,2,64.47492951056394,88,29,19,0.10404040404040404,0.004594,0.4173910154173313,731,1996
http://patch.com/california/banning-beaumont/anti-vaxxers-blame-disneyland-measles-outbreak-report-concludes-0,3,3,2,3,2,2,2,2,64.47492951056394,88,29,19,0.10404040404040404,0.004898,0.4173910154173313,731,1996
http://patch.com/california/banning-beaumont/anti-vaxxers-blame-disneyland-measles-outbreak-report-concludes-0,3,3,2,3,2,2,2,2,64.47492951056394,88,29,19,0.10404040404040404,0.00428,0.4173910154173313,731,1996
http://patch.com/california/banning-beaumont/anti-vaxxers-blame-disneyland-measles-outbreak-report-concludes-0,3,3,2,3,2,2,2,2,64.47492951056394,88,29,19,0.10404040404040404,0.0042,0.4173910154173313,731,1996
http://patch.com/california/banning-beaumont/anti-vaxxers-blame-disneyland-measles-outbreak-report-concludes-0,3,3,4,2,4,2,1,4,64.47492951056394,88,29,19,0.10404040404040404,0.004594,0.4173910154173313,731,1996
http://patch.com/california/banning-beaumont/anti-vaxxers-blame-disneyland-measles-outbreak-report-concludes-0,3,3,4,2,4,2,1,4,64.47492951056394,88,29,19,0.10404040404040404,0.004898,0.4173910154173313,731,1996
http://patch.com/california/banning-beaumont/anti-vaxxers-blame-disneyland-measles-outbreak-report-concludes-0,3,3,4,2,4,2,1,4,64.47492951056394,88,29,19,0.10404040404040404,0.00428,0.4173910154173313,731,1996
http://patch.com/california/banning-beaumont/anti-vaxxers-blame-disneyland-measles-outbreak-report-concludes-0,3,3,4,2,4,2,1,4,64.47492951056394,88,29,19,0.10404040404040404,0.0042,0.4173910154173313,731,1996
http://thinkprogress.org/health/2015/03/18/3635358/disneyland-vaccine-study/,1,1,1,1,1,1,1,1,55.88776923076927,91,51,1,0.116692980222392,0.0040490000000000005,0.4611314828961887,650,2005
http://thinkprogress.org/health/2015/03/18/3635358/disneyland-vaccine-study/,1,1,1,1,1,1,1,1,55.88776923076927,91,51,1,0.116692980222392,0.003535,0.4611314828961887,650,2005
http://thinkprogress.org/health/2015/03/18/3635358/disneyland-vaccine-study/,1,1,1,1,1,1,1,1,55.88776923076927,91,51,1,0.116692980222392,0.004358,0.4611314828961887,650,2005
http://thinkprogress.org/health/2015/03/18/3635358/disneyland-vaccine-study/,4,4,3,1,4,3,4,5,55.88776923076927,91,51,1,0.116692980222392,0.0040490000000000005,0.4611314828961887,650,2005
http://thinkprogress.org/health/2015/03/18/3635358/disneyland-vaccine-study/,4,4,3,1,4,3,4,5,55.88776923076927,91,51,1,0.116692980222392,0.003535,0.4611314828961887,650,2005
http://thinkprogress.org/health/2015/03/18/3635358/disneyland-vaccine-study/,4,4,3,1,4,3,4,5,55.88776923076927,91,51,1,0.116692980222392,0.004358,0.4611314828961887,650,2005
http://thinkprogress.org/health/2015/03/18/3635358/disneyland-vaccine-study/,4,3,3,3,3,4,4,1,55.88776923076927,91,51,1,0.116692980222392,0.0040490000000000005,0.4611314828961887,650,2005
http://thinkprogress.org/health/2015/03/18/3635358/disneyland-vaccine-study/,4,3,3,3,3,4,4,1,55.88776923076927,91,51,1,0.116692980222392,0.003535,0.4611314828961887,650,2005
http://thinkprogress.org/health/2015/03/18/3635358/disneyland-vaccine-study/,4,3,3,3,3,4,4,1,55.88776923076927,91,51,1,0.116692980222392,0.004358,0.4611314828961887,650,2005
http://vaxtruth.org/2015/01/measles/,4,4,4,3,4,3,5,4,66.84721939562135,14,42,19,0.07109719834903659,1.2743719999999998,0.4483801778287072,2209,2011
http://vaxtruth.org/2015/01/measles/,4,4,4,3,4,3,5,4,66.84721939562135,14,42,19,0.07109719834903659,1.383993,0.4483801778287072,2209,2011
http://vaxtruth.org/2015/01/measles/,1,3,3,1,2,2,4,3,66.84721939562135,14,42,19,0.07109719834903659,1.2743719999999998,0.4483801778287072,2209,2011
http://vaxtruth.org/2015/01/measles/,1,3,3,1,2,2,4,3,66.84721939562135,14,42,19,0.07109719834903659,1.383993,0.4483801778287072,2209,2011
http://wonkette.com/580106/today-in-duh-science-yes-anti-vaxxers-caused-disneyland-measles-outbreak-duh-science,3,1,1,2,4,1,4,4,68.69760869565219,89,47,21,0.08656674783549785,0.180088,0.5054818181818181,552,2004
http://ww2.kqed.org/stateofhealth/2015/03/16/low-vaccination-rates-helped-stoke-disneyland-measles-outbreak/,4,3,2,4,4,3,4,4,64.35774382901867,2,0,4,0.10208210180623976,0.006298,0.476943623426382,453,2014
http://ww2.kqed.org/stateofhealth/2015/03/16/low-vaccination-rates-helped-stoke-disneyland-measles-outbreak/,4,3,2,4,4,3,4,4,64.35774382901867,2,0,4,0.10208210180623976,0.006288,0.476943623426382,453,2014
http://ww2.kqed.org/stateofhealth/2015/03/16/low-vaccination-rates-helped-stoke-disneyland-measles-outbreak/,1,3,3,3,4,4,4,3,64.35774382901867,2,0,4,0.10208210180623976,0.006298,0.476943623426382,453,2014
http://ww2.kqed.org/stateofhealth/2015/03/16/low-vaccination-rates-helped-stoke-disneyland-measles-outbreak/,1,3,3,3,4,4,4,3,64.35774382901867,2,0,4,0.10208210180623976,0.006288,0.476943623426382,453,2014
http://www.activistpost.com/2015/01/the-disney-measles-outbreak-mousetrap.html,2,2,1,1,3,2,2,2,52.04116474781478,83,38,14,0.08996297562087034,0.15467,0.3808749145591251,1334,2010
http://www.activistpost.com/2015/01/the-disney-measles-outbreak-mousetrap.html,2,2,1,1,3,2,2,2,52.04116474781478,83,38,14,0.08996297562087034,0.156038,0.3808749145591251,1334,2010
http://www.activistpost.com/2015/01/the-disney-measles-outbreak-mousetrap.html,2,2,1,1,3,2,2,2,52.04116474781478,83,38,14,0.08996297562087034,0.155184,0.3808749145591251,1334,2010
http://www.activistpost.com/2015/01/the-disney-measles-outbreak-mousetrap.html,2,2,1,1,3,2,2,2,52.04116474781478,83,38,14,0.08996297562087034,0.15495,0.3808749145591251,1334,2010
http://www.activistpost.com/2015/01/the-disney-measles-outbreak-mousetrap.html,1,1,1,1,5,1,4,4,52.04116474781478,83,38,14,0.08996297562087034,0.15467,0.3808749145591251,1334,2010
http://www.activistpost.com/2015/01/the-disney-measles-outbreak-mousetrap.html,1,1,1,1,5,1,4,4,52.04116474781478,83,38,14,0.08996297562087034,0.156038,0.3808749145591251,1334,2010
http://www.activistpost.com/2015/01/the-disney-measles-outbreak-mousetrap.html,1,1,1,1,5,1,4,4,52.04116474781478,83,38,14,0.08996297562087034,0.155184,0.3808749145591251,1334,2010
http://www.activistpost.com/2015/01/the-disney-measles-outbreak-mousetrap.html,1,1,1,1,5,1,4,4,52.04116474781478,83,38,14,0.08996297562087034,0.15495,0.3808749145591251,1334,2010
http://www.activistpost.com/2015/01/the-disney-measles-outbreak-mousetrap.html,3,3,2,1,4,2,3,4,52.04116474781478,83,38,14,0.08996297562087034,0.15467,0.3808749145591251,1334,2010
http://www.activistpost.com/2015/01/the-disney-measles-outbreak-mousetrap.html,3,3,2,1,4,2,3,4,52.04116474781478,83,38,14,0.08996297562087034,0.156038,0.3808749145591251,1334,2010
http://www.activistpost.com/2015/01/the-disney-measles-outbreak-mousetrap.html,3,3,2,1,4,2,3,4,52.04116474781478,83,38,14,0.08996297562087034,0.155184,0.3808749145591251,1334,2010
http://www.activistpost.com/2015/01/the-disney-measles-outbreak-mousetrap.html,3,3,2,1,4,2,3,4,52.04116474781478,83,38,14,0.08996297562087034,0.15495,0.3808749145591251,1334,2010
http://www.activistpost.com/2015/01/the-disney-measles-outbreak-mousetrap.html,4,4,5,4,4,4,2,4,52.04116474781478,83,38,14,0.08996297562087034,0.15467,0.3808749145591251,1334,2010
http://www.activistpost.com/2015/01/the-disney-measles-outbreak-mousetrap.html,4,4,5,4,4,4,2,4,52.04116474781478,83,38,14,0.08996297562087034,0.156038,0.3808749145591251,1334,2010
http://www.activistpost.com/2015/01/the-disney-measles-outbreak-mousetrap.html,4,4,5,4,4,4,2,4,52.04116474781478,83,38,14,0.08996297562087034,0.155184,0.3808749145591251,1334,2010
http://www.activistpost.com/2015/01/the-disney-measles-outbreak-mousetrap.html,4,4,5,4,4,4,2,4,52.04116474781478,83,38,14,0.08996297562087034,0.15495,0.3808749145591251,1334,2010
http://www.ageofautism.com/2015/01/disney-measles-and-the-fantasyland-of-vaccine-perfection.html,1,1,1,1,1,1,4,2,68.13043997959423,24,25,36,0.09514477538893937,0.287995,0.4803287674579542,2998,2007
http://www.ageofautism.com/2015/01/disney-measles-and-the-fantasyland-of-vaccine-perfection.html,1,1,1,1,1,1,4,2,68.13043997959423,24,25,36,0.09514477538893937,0.29462,0.4803287674579542,2998,2007
http://www.ageofautism.com/2015/01/disney-measles-and-the-fantasyland-of-vaccine-perfection.html,1,1,1,1,1,1,4,2,68.13043997959423,24,25,36,0.09514477538893937,0.28847399999999995,0.4803287674579542,2998,2007
http://www.ageofautism.com/2015/01/disney-measles-and-the-fantasyland-of-vaccine-perfection.html,2,3,3,1,4,2,2,3,68.13043997959423,24,25,36,0.09514477538893937,0.287995,0.4803287674579542,2998,2007
http://www.ageofautism.com/2015/01/disney-measles-and-the-fantasyland-of-vaccine-perfection.html,2,3,3,1,4,2,2,3,68.13043997959423,24,25,36,0.09514477538893937,0.29462,0.4803287674579542,2998,2007
http://www.ageofautism.com/2015/01/disney-measles-and-the-fantasyland-of-vaccine-perfection.html,2,3,3,1,4,2,2,3,68.13043997959423,24,25,36,0.09514477538893937,0.28847399999999995,0.4803287674579542,2998,2007
http://www.ageofautism.com/2015/01/disney-measles-and-the-fantasyland-of-vaccine-perfection.html,2,2,1,1,4,1,3,3,68.13043997959423,24,25,36,0.09514477538893937,0.287995,0.4803287674579542,2998,2007
http://www.ageofautism.com/2015/01/disney-measles-and-the-fantasyland-of-vaccine-perfection.html,2,2,1,1,4,1,3,3,68.13043997959423,24,25,36,0.09514477538893937,0.29462,0.4803287674579542,2998,2007
http://www.ageofautism.com/2015/01/disney-measles-and-the-fantasyland-of-vaccine-perfection.html,2,2,1,1,4,1,3,3,68.13043997959423,24,25,36,0.09514477538893937,0.28847399999999995,0.4803287674579542,2998,2007
http://www.californiahealthline.org/articles/2015/3/17/low-vaccination-rates-to-blame-for-disneyland-measles-outbreak,3,3,4,2,1,4,4,3,45.10058700209646,73,8,9,0.10294117647058824,0.0046619999999999995,0.5117647058823529,265,2001
http://www.californiahealthline.org/articles/2015/3/17/low-vaccination-rates-to-blame-for-disneyland-measles-outbreak,3,3,4,2,1,4,4,3,45.10058700209646,73,8,9,0.10294117647058824,0.004497,0.5117647058823529,265,2001
http://www.californiahealthline.org/articles/2015/3/17/low-vaccination-rates-to-blame-for-disneyland-measles-outbreak,3,3,4,2,1,4,4,3,45.10058700209646,73,8,9,0.10294117647058824,0.004732,0.5117647058823529,265,2001
http://www.californiahealthline.org/articles/2015/3/17/low-vaccination-rates-to-blame-for-disneyland-measles-outbreak,5,4,1,3,4,3,5,4,45.10058700209646,73,8,9,0.10294117647058824,0.0046619999999999995,0.5117647058823529,265,2001
http://www.californiahealthline.org/articles/2015/3/17/low-vaccination-rates-to-blame-for-disneyland-measles-outbreak,5,4,1,3,4,3,5,4,45.10058700209646,73,8,9,0.10294117647058824,0.004497,0.5117647058823529,265,2001
http://www.californiahealthline.org/articles/2015/3/17/low-vaccination-rates-to-blame-for-disneyland-measles-outbreak,5,4,1,3,4,3,5,4,45.10058700209646,73,8,9,0.10294117647058824,0.004732,0.5117647058823529,265,2001
http://www.californiahealthline.org/articles/2015/3/17/low-vaccination-rates-to-blame-for-disneyland-measles-outbreak,1,1,1,1,1,1,1,1,45.10058700209646,73,8,9,0.10294117647058824,0.0046619999999999995,0.5117647058823529,265,2001
http://www.californiahealthline.org/articles/2015/3/17/low-vaccination-rates-to-blame-for-disneyland-measles-outbreak,1,1,1,1,1,1,1,1,45.10058700209646,73,8,9,0.10294117647058824,0.004497,0.5117647058823529,265,2001
http://www.californiahealthline.org/articles/2015/3/17/low-vaccination-rates-to-blame-for-disneyland-measles-outbreak,1,1,1,1,1,1,1,1,45.10058700209646,73,8,9,0.10294117647058824,0.004732,0.5117647058823529,265,2001
http://www.cdc.gov/mmwr/preview/mmwrhtml/mm6414a1.htm,5,5,5,5,5,5,2,5,52.96581600831601,94,68,17,0.0328108003108003,0.006764,0.4034171099555714,1729,1996
http://www.cdc.gov/mmwr/preview/mmwrhtml/mm6414a1.htm,5,5,5,5,5,5,2,5,52.96581600831601,94,68,17,0.0328108003108003,0.005743,0.4034171099555714,1729,1996
http://www.cdc.gov/mmwr/preview/mmwrhtml/mm6414a1.htm,5,4,4,3,3,4,2,4,52.96581600831601,94,68,17,0.0328108003108003,0.006764,0.4034171099555714,1729,1996
http://www.cdc.gov/mmwr/preview/mmwrhtml/mm6414a1.htm,5,4,4,3,3,4,2,4,52.96581600831601,94,68,17,0.0328108003108003,0.005743,0.4034171099555714,1729,1996
http://www.cidrap.umn.edu/news-perspective/2015/08/reports-show-early-childhood-immunization-rates-stay-high-exemption-levels,3,3,1,2,4,3,5,3,57.269885696495315,66,5,9,0.13360639360639362,0.171098,0.4202508602508602,511,2002
http://www.cidrap.umn.edu/news-perspective/2015/08/reports-show-early-childhood-immunization-rates-stay-high-exemption-levels,3,3,1,2,4,3,5,3,57.269885696495315,66,5,9,0.13360639360639362,0.166449,0.4202508602508602,511,2002
http://www.cidrap.umn.edu/news-perspective/2015/08/reports-show-early-childhood-immunization-rates-stay-high-exemption-levels,3,3,1,2,4,3,5,3,57.269885696495315,66,5,9,0.13360639360639362,0.166797,0.4202508602508602,511,2002
http://www.cidrap.umn.edu/news-perspective/2015/08/reports-show-early-childhood-immunization-rates-stay-high-exemption-levels,4,3,3,3,4,3,4,4,57.269885696495315,66,5,9,0.13360639360639362,0.171098,0.4202508602508602,511,2002
http://www.cidrap.umn.edu/news-perspective/2015/08/reports-show-early-childhood-immunization-rates-stay-high-exemption-levels,4,3,3,3,4,3,4,4,57.269885696495315,66,5,9,0.13360639360639362,0.166449,0.4202508602508602,511,2002
http://www.cidrap.umn.edu/news-perspective/2015/08/reports-show-early-childhood-immunization-rates-stay-high-exemption-levels,4,3,3,3,4,3,4,4,57.269885696495315,66,5,9,0.13360639360639362,0.166797,0.4202508602508602,511,2002
http://www.cidrap.umn.edu/news-perspective/2015/08/reports-show-early-childhood-immunization-rates-stay-high-exemption-levels,1,1,1,1,1,1,1,1,57.269885696495315,66,5,9,0.13360639360639362,0.171098,0.4202508602508602,511,2002
http://www.cidrap.umn.edu/news-perspective/2015/08/reports-show-early-childhood-immunization-rates-stay-high-exemption-levels,1,1,1,1,1,1,1,1,57.269885696495315,66,5,9,0.13360639360639362,0.166449,0.4202508602508602,511,2002
http://www.cidrap.umn.edu/news-perspective/2015/08/reports-show-early-childhood-immunization-rates-stay-high-exemption-levels,1,1,1,1,1,1,1,1,57.269885696495315,66,5,9,0.13360639360639362,0.166797,0.4202508602508602,511,2002
http://www.greenmedinfo.com/blog/vaccinated-spreading-measles-who-merck-cdc-documents-confirms,4,3,3,5,5,4,2,4,51.25808432726512,55,29,16,0.09459823509823508,0.234163,0.49328138528138504,1888,2009
http://www.greenmedinfo.com/blog/vaccinated-spreading-measles-who-merck-cdc-documents-confirms,4,3,3,5,5,4,2,4,51.25808432726512,55,29,16,0.09459823509823508,0.178645,0.49328138528138504,1888,2009
http://www.greenmedinfo.com/blog/vaccinated-spreading-measles-who-merck-cdc-documents-confirms,4,3,3,5,5,4,2,4,51.25808432726512,55,29,16,0.09459823509823508,0.178154,0.49328138528138504,1888,2009
http://www.greenmedinfo.com/blog/vaccinated-spreading-measles-who-merck-cdc-documents-confirms,3,3,3,2,3,2,4,2,51.25808432726512,55,29,16,0.09459823509823508,0.234163,0.49328138528138504,1888,2009
http://www.greenmedinfo.com/blog/vaccinated-spreading-measles-who-merck-cdc-documents-confirms,3,3,3,2,3,2,4,2,51.25808432726512,55,29,16,0.09459823509823508,0.178645,0.49328138528138504,1888,2009
http://www.greenmedinfo.com/blog/vaccinated-spreading-measles-who-merck-cdc-documents-confirms,3,3,3,2,3,2,4,2,51.25808432726512,55,29,16,0.09459823509823508,0.178154,0.49328138528138504,1888,2009
http://www.greenmedinfo.com/blog/vaccinated-spreading-measles-who-merck-cdc-documents-confirms,1,1,1,1,1,1,1,1,51.25808432726512,55,29,16,0.09459823509823508,0.234163,0.49328138528138504,1888,2009
http://www.greenmedinfo.com/blog/vaccinated-spreading-measles-who-merck-cdc-documents-confirms,1,1,1,1,1,1,1,1,51.25808432726512,55,29,16,0.09459823509823508,0.178645,0.49328138528138504,1888,2009
http://www.greenmedinfo.com/blog/vaccinated-spreading-measles-who-merck-cdc-documents-confirms,1,1,1,1,1,1,1,1,51.25808432726512,55,29,16,0.09459823509823508,0.178154,0.49328138528138504,1888,2009
http://www.historyofvaccines.org/content/blog/measles-disneyland-and-renegade-pediatrician-new-york-times,3,3,3,3,3,3,3,3,64.04116454144905,85,9,11,0.10329190924018512,0.193304,0.4749700204010548,797,2010
http://www.historyofvaccines.org/content/blog/measles-disneyland-and-renegade-pediatrician-new-york-times,4,4,3,3,5,3,2,5,64.04116454144905,85,9,11,0.10329190924018512,0.193304,0.4749700204010548,797,2010
http://www.historyofvaccines.org/content/blog/measles-disneyland-and-renegade-pediatrician-new-york-times,3,3,2,3,3,3,2,3,64.04116454144905,85,9,11,0.10329190924018512,0.193304,0.4749700204010548,797,2010
http://www.huffingtonpost.com/jennifer-raff/dear-parents-you-are-being-lied-to-about-vaccines_b_5112620.html,5,5,5,4,5,5,3,5,76.02583853080276,91,61,15,0.14102577231609487,0.006966,0.572811059907834,1181,2005
http://www.huffingtonpost.com/jennifer-raff/dear-parents-you-are-being-lied-to-about-vaccines_b_5112620.html,5,5,5,4,5,5,3,5,76.02583853080276,91,61,15,0.14102577231609487,0.005222999999999999,0.572811059907834,1181,2005
http://www.huffingtonpost.com/jennifer-raff/dear-parents-you-are-being-lied-to-about-vaccines_b_5112620.html,4,4,4,5,4,4,3,4,76.02583853080276,91,61,15,0.14102577231609487,0.006966,0.572811059907834,1181,2005
http://www.huffingtonpost.com/jennifer-raff/dear-parents-you-are-being-lied-to-about-vaccines_b_5112620.html,4,4,4,5,4,4,3,4,76.02583853080276,91,61,15,0.14102577231609487,0.005222999999999999,0.572811059907834,1181,2005
http://www.infowars.com/disneyland-measles-outbreak-caused-by-vaccine/,1,1,1,1,1,1,1,1,73.4173706896552,79,34,34,0.2,0.262838,0.4780701754385964,174,1999
http://www.infowars.com/disneyland-measles-outbreak-caused-by-vaccine/,1,1,1,1,1,1,1,1,73.4173706896552,79,34,34,0.2,0.27579000000000004,0.4780701754385964,174,1999
http://www.infowars.com/disneyland-measles-outbreak-caused-by-vaccine/,1,1,1,1,1,1,1,1,73.4173706896552,79,34,34,0.2,0.26226,0.4780701754385964,174,1999
http://www.infowars.com/disneyland-measles-outbreak-caused-by-vaccine/,4,3,3,3,4,3,3,1,73.4173706896552,79,34,34,0.2,0.262838,0.4780701754385964,174,1999
http://www.infowars.com/disneyland-measles-outbreak-caused-by-vaccine/,4,3,3,3,4,3,3,1,73.4173706896552,79,34,34,0.2,0.27579000000000004,0.4780701754385964,174,1999
http://www.infowars.com/disneyland-measles-outbreak-caused-by-vaccine/,4,3,3,3,4,3,3,1,73.4173706896552,79,34,34,0.2,0.26226,0.4780701754385964,174,1999
http://www.infowars.com/disneyland-measles-outbreak-caused-by-vaccine/,3,2,1,4,4,3,5,2,73.4173706896552,79,34,34,0.2,0.262838,0.4780701754385964,174,1999
http://www.infowars.com/disneyland-measles-outbreak-caused-by-vaccine/,3,2,1,4,4,3,5,2,73.4173706896552,79,34,34,0.2,0.27579000000000004,0.4780701754385964,174,1999
http://www.infowars.com/disneyland-measles-outbreak-caused-by-vaccine/,3,2,1,4,4,3,5,2,73.4173706896552,79,34,34,0.2,0.26226,0.4780701754385964,174,1999
http://www.latimes.com/opinion/editorials/la-ed-measles-disneyland-20150116-story.html,4,3,3,1,4,4,4,3,60.439635204922574,92,60,5,0.012369188782232272,0.009333,0.5202489177489177,479,1996
http://www.latimes.com/opinion/editorials/la-ed-measles-disneyland-20150116-story.html,4,3,3,1,4,4,4,3,60.439635204922574,92,60,5,0.012369188782232272,0.006408,0.5202489177489177,479,1996
http://www.latimes.com/opinion/editorials/la-ed-measles-disneyland-20150116-story.html,4,3,3,1,4,4,4,3,60.439635204922574,92,60,5,0.012369188782232272,0.006308,0.5202489177489177,479,1996
http://www.latimes.com/opinion/editorials/la-ed-measles-disneyland-20150116-story.html,4,3,3,1,4,4,4,3,60.439635204922574,92,60,5,0.012369188782232272,0.006595,0.5202489177489177,479,1996
http://www.latimes.com/opinion/editorials/la-ed-measles-disneyland-20150116-story.html,1,3,3,3,3,4,4,3,60.439635204922574,92,60,5,0.012369188782232272,0.009333,0.5202489177489177,479,1996
http://www.latimes.com/opinion/editorials/la-ed-measles-disneyland-20150116-story.html,1,3,3,3,3,4,4,3,60.439635204922574,92,60,5,0.012369188782232272,0.006408,0.5202489177489177,479,1996
http://www.latimes.com/opinion/editorials/la-ed-measles-disneyland-20150116-story.html,1,3,3,3,3,4,4,3,60.439635204922574,92,60,5,0.012369188782232272,0.006308,0.5202489177489177,479,1996
http://www.latimes.com/opinion/editorials/la-ed-measles-disneyland-20150116-story.html,1,3,3,3,3,4,4,3,60.439635204922574,92,60,5,0.012369188782232272,0.006595,0.5202489177489177,479,1996
http://www.latimes.com/opinion/editorials/la-ed-measles-disneyland-20150116-story.html,4,5,2,2,5,3,5,3,60.439635204922574,92,60,5,0.012369188782232272,0.009333,0.5202489177489177,479,1996
http://www.latimes.com/opinion/editorials/la-ed-measles-disneyland-20150116-story.html,4,5,2,2,5,3,5,3,60.439635204922574,92,60,5,0.012369188782232272,0.006408,0.5202489177489177,479,1996
http://www.latimes.com/opinion/editorials/la-ed-measles-disneyland-20150116-story.html,4,5,2,2,5,3,5,3,60.439635204922574,92,60,5,0.012369188782232272,0.006308,0.5202489177489177,479,1996
http://www.latimes.com/opinion/editorials/la-ed-measles-disneyland-20150116-story.html,4,5,2,2,5,3,5,3,60.439635204922574,92,60,5,0.012369188782232272,0.006595,0.5202489177489177,479,1996
http://www.latimes.com/opinion/editorials/la-ed-measles-disneyland-20150116-story.html,2,2,2,1,2,4,4,2,60.439635204922574,92,60,5,0.012369188782232272,0.009333,0.5202489177489177,479,1996
http://www.latimes.com/opinion/editorials/la-ed-measles-disneyland-20150116-story.html,2,2,2,1,2,4,4,2,60.439635204922574,92,60,5,0.012369188782232272,0.006408,0.5202489177489177,479,1996
http://www.latimes.com/opinion/editorials/la-ed-measles-disneyland-20150116-story.html,2,2,2,1,2,4,4,2,60.439635204922574,92,60,5,0.012369188782232272,0.006308,0.5202489177489177,479,1996
http://www.latimes.com/opinion/editorials/la-ed-measles-disneyland-20150116-story.html,2,2,2,1,2,4,4,2,60.439635204922574,92,60,5,0.012369188782232272,0.006595,0.5202489177489177,479,1996
http://www.modernalternativemama.com/2015/01/23/enough-enough-blaming-anti-vaxxers/,3,3,3,1,3,2,3,2,79.82132264920196,58,11,95,0.05089881292711482,0.91048,0.4919931117100929,1441,2010
http://www.modernalternativemama.com/2015/01/23/enough-enough-blaming-anti-vaxxers/,3,3,3,1,3,2,3,2,79.82132264920196,58,11,95,0.05089881292711482,0.929642,0.4919931117100929,1441,2010
http://www.modernalternativemama.com/2015/01/23/enough-enough-blaming-anti-vaxxers/,3,1,1,1,1,1,3,1,79.82132264920196,58,11,95,0.05089881292711482,0.91048,0.4919931117100929,1441,2010
http://www.modernalternativemama.com/2015/01/23/enough-enough-blaming-anti-vaxxers/,3,1,1,1,1,1,3,1,79.82132264920196,58,11,95,0.05089881292711482,0.929642,0.4919931117100929,1441,2010
http://www.naturalnews.com/048383_measles_outbreak_Disneyland_vaccine_inserts.html,4,4,3,2,5,4,5,5,60.8105219923053,56,13,41,0.08815890269151139,0.007382,0.5439287439613524,1304,2007
http://www.naturalnews.com/048383_measles_outbreak_Disneyland_vaccine_inserts.html,4,4,3,2,5,4,5,5,60.8105219923053,56,13,41,0.08815890269151139,0.0068319999999999995,0.5439287439613524,1304,2007
http://www.naturalnews.com/048383_measles_outbreak_Disneyland_vaccine_inserts.html,4,4,3,2,5,4,5,5,60.8105219923053,56,13,41,0.08815890269151139,0.019892,0.5439287439613524,1304,2007
http://www.naturalnews.com/048383_measles_outbreak_Disneyland_vaccine_inserts.html,4,4,3,1,5,3,2,5,60.8105219923053,56,13,41,0.08815890269151139,0.007382,0.5439287439613524,1304,2007
http://www.naturalnews.com/048383_measles_outbreak_Disneyland_vaccine_inserts.html,4,4,3,1,5,3,2,5,60.8105219923053,56,13,41,0.08815890269151139,0.0068319999999999995,0.5439287439613524,1304,2007
http://www.naturalnews.com/048383_measles_outbreak_Disneyland_vaccine_inserts.html,4,4,3,1,5,3,2,5,60.8105219923053,56,13,41,0.08815890269151139,0.019892,0.5439287439613524,1304,2007
http://www.naturalnews.com/048383_measles_outbreak_Disneyland_vaccine_inserts.html,2,3,2,1,4,3,2,3,60.8105219923053,56,13,41,0.08815890269151139,0.007382,0.5439287439613524,1304,2007
http://www.naturalnews.com/048383_measles_outbreak_Disneyland_vaccine_inserts.html,2,3,2,1,4,3,2,3,60.8105219923053,56,13,41,0.08815890269151139,0.0068319999999999995,0.5439287439613524,1304,2007
http://www.naturalnews.com/048383_measles_outbreak_Disneyland_vaccine_inserts.html,2,3,2,1,4,3,2,3,60.8105219923053,56,13,41,0.08815890269151139,0.019892,0.5439287439613524,1304,2007
http://www.naturalnews.com/048519_vaccines_measles_virus_shedding.html,2,3,2,1,3,1,3,3,42.898208955223886,56,13,32,0.09267345267345267,0.008123,0.4477164502164503,804,2007
http://www.naturalnews.com/048519_vaccines_measles_virus_shedding.html,2,3,2,1,3,1,3,3,42.898208955223886,56,13,32,0.09267345267345267,0.009623999999999999,0.4477164502164503,804,2007
http://www.naturalnews.com/048519_vaccines_measles_virus_shedding.html,2,3,2,1,3,1,3,3,42.898208955223886,56,13,32,0.09267345267345267,0.010452,0.4477164502164503,804,2007
http://www.naturalnews.com/048519_vaccines_measles_virus_shedding.html,4,5,4,3,5,5,2,4,42.898208955223886,56,13,32,0.09267345267345267,0.008123,0.4477164502164503,804,2007
http://www.naturalnews.com/048519_vaccines_measles_virus_shedding.html,4,5,4,3,5,5,2,4,42.898208955223886,56,13,32,0.09267345267345267,0.009623999999999999,0.4477164502164503,804,2007
http://www.naturalnews.com/048519_vaccines_measles_virus_shedding.html,4,5,4,3,5,5,2,4,42.898208955223886,56,13,32,0.09267345267345267,0.010452,0.4477164502164503,804,2007
http://www.naturalnews.com/048519_vaccines_measles_virus_shedding.html,3,2,2,2,4,2,5,3,42.898208955223886,56,13,32,0.09267345267345267,0.008123,0.4477164502164503,804,2007
http://www.naturalnews.com/048519_vaccines_measles_virus_shedding.html,3,2,2,2,4,2,5,3,42.898208955223886,56,13,32,0.09267345267345267,0.009623999999999999,0.4477164502164503,804,2007
http://www.naturalnews.com/048519_vaccines_measles_virus_shedding.html,3,2,2,2,4,2,5,3,42.898208955223886,56,13,32,0.09267345267345267,0.010452,0.4477164502164503,804,2007
http://www.naturalnews.com/048940_measles_outbreak_virus_shedding_Disneyland.html,3,4,2,4,3,4,3,4,45.51726489028214,56,13,32,-0.012843008539729854,0.007954000000000001,0.3964318240957586,609,2007
http://www.naturalnews.com/048940_measles_outbreak_virus_shedding_Disneyland.html,3,4,2,4,3,4,3,4,45.51726489028214,56,13,32,-0.012843008539729854,0.0072299999999999994,0.3964318240957586,609,2007
http://www.naturalnews.com/048940_measles_outbreak_virus_shedding_Disneyland.html,3,4,2,4,3,4,3,4,45.51726489028214,56,13,32,-0.012843008539729854,0.00633,0.3964318240957586,609,2007
http://www.naturalnews.com/048940_measles_outbreak_virus_shedding_Disneyland.html,3,4,2,4,3,4,3,4,45.51726489028214,56,13,32,-0.012843008539729854,0.0066040000000000005,0.3964318240957586,609,2007
http://www.naturalnews.com/048940_measles_outbreak_virus_shedding_Disneyland.html,3,3,3,1,5,1,5,1,45.51726489028214,56,13,32,-0.012843008539729854,0.007954000000000001,0.3964318240957586,609,2007
http://www.naturalnews.com/048940_measles_outbreak_virus_shedding_Disneyland.html,3,3,3,1,5,1,5,1,45.51726489028214,56,13,32,-0.012843008539729854,0.0072299999999999994,0.3964318240957586,609,2007
http://www.naturalnews.com/048940_measles_outbreak_virus_shedding_Disneyland.html,3,3,3,1,5,1,5,1,45.51726489028214,56,13,32,-0.012843008539729854,0.00633,0.3964318240957586,609,2007
http://www.naturalnews.com/048940_measles_outbreak_virus_shedding_Disneyland.html,3,3,3,1,5,1,5,1,45.51726489028214,56,13,32,-0.012843008539729854,0.0066040000000000005,0.3964318240957586,609,2007
http://www.naturalnews.com/048940_measles_outbreak_virus_shedding_Disneyland.html,1,1,1,1,1,1,1,1,45.51726489028214,56,13,32,-0.012843008539729854,0.007954000000000001,0.3964318240957586,609,2007
http://www.naturalnews.com/048940_measles_outbreak_virus_shedding_Disneyland.html,1,1,1,1,1,1,1,1,45.51726489028214,56,13,32,-0.012843008539729854,0.0072299999999999994,0.3964318240957586,609,2007
http://www.naturalnews.com/048940_measles_outbreak_virus_shedding_Disneyland.html,1,1,1,1,1,1,1,1,45.51726489028214,56,13,32,-0.012843008539729854,0.00633,0.3964318240957586,609,2007
http://www.naturalnews.com/048940_measles_outbreak_virus_shedding_Disneyland.html,1,1,1,1,1,1,1,1,45.51726489028214,56,13,32,-0.012843008539729854,0.0066040000000000005,0.3964318240957586,609,2007
http://www.naturalnews.com/048940_measles_outbreak_virus_shedding_Disneyland.html,3,2,2,1,1,3,4,2,45.51726489028214,56,13,32,-0.012843008539729854,0.007954000000000001,0.3964318240957586,609,2007
http://www.naturalnews.com/048940_measles_outbreak_virus_shedding_Disneyland.html,3,2,2,1,1,3,4,2,45.51726489028214,56,13,32,-0.012843008539729854,0.0072299999999999994,0.3964318240957586,609,2007
http://www.naturalnews.com/048940_measles_outbreak_virus_shedding_Disneyland.html,3,2,2,1,1,3,4,2,45.51726489028214,56,13,32,-0.012843008539729854,0.00633,0.3964318240957586,609,2007
http://www.naturalnews.com/048940_measles_outbreak_virus_shedding_Disneyland.html,3,2,2,1,1,3,4,2,45.51726489028214,56,13,32,-0.012843008539729854,0.0066040000000000005,0.3964318240957586,609,2007
http://www.naturalnews.com/049351_measles_outbreak_MMR_vaccine_Disneyland.html,2,2,4,1,5,2,4,4,57.452866074600365,56,13,32,0.08078282828282829,0.011676,0.53610101010101,563,2007
http://www.naturalnews.com/049351_measles_outbreak_MMR_vaccine_Disneyland.html,2,2,4,1,5,2,4,4,57.452866074600365,56,13,32,0.08078282828282829,0.00997,0.53610101010101,563,2007
http://www.naturalnews.com/049351_measles_outbreak_MMR_vaccine_Disneyland.html,3,4,3,1,1,4,3,2,57.452866074600365,56,13,32,0.08078282828282829,0.011676,0.53610101010101,563,2007
http://www.naturalnews.com/049351_measles_outbreak_MMR_vaccine_Disneyland.html,3,4,3,1,1,4,3,2,57.452866074600365,56,13,32,0.08078282828282829,0.00997,0.53610101010101,563,2007
http://www.news.com.au/lifestyle/parenting/babies/this-is-my-son-griffin-and-he-may-have-measles-and-im-angry-angry-as-hell/news-story/8657486491ed812075170739e7a459fc,4,4,1,2,5,4,5,4,85.9812862149057,91,56,30,0.029801175015460726,0.435299,0.5767139764996908,1012,1998
http://www.news.com.au/lifestyle/parenting/babies/this-is-my-son-griffin-and-he-may-have-measles-and-im-angry-angry-as-hell/news-story/8657486491ed812075170739e7a459fc,4,4,1,2,5,4,5,4,85.9812862149057,91,56,30,0.029801175015460726,0.16481500000000002,0.5767139764996908,1012,1998
http://www.news.com.au/lifestyle/parenting/babies/this-is-my-son-griffin-and-he-may-have-measles-and-im-angry-angry-as-hell/news-story/8657486491ed812075170739e7a459fc,3,4,4,3,4,2,2,2,85.9812862149057,91,56,30,0.029801175015460726,0.435299,0.5767139764996908,1012,1998
http://www.news.com.au/lifestyle/parenting/babies/this-is-my-son-griffin-and-he-may-have-measles-and-im-angry-angry-as-hell/news-story/8657486491ed812075170739e7a459fc,3,4,4,3,4,2,2,2,85.9812862149057,91,56,30,0.029801175015460726,0.16481500000000002,0.5767139764996908,1012,1998
http://www.npr.org/sections/health-shots/2015/01/08/375832981/measles-makes-an-unwelcome-visit-to-disneyland,5,5,4,5,4,5,5,5,66.13285714285716,94,64,12,0.1591745036572623,0.005718,0.44457854406130265,567,1997
http://www.npr.org/sections/health-shots/2015/01/08/375832981/measles-makes-an-unwelcome-visit-to-disneyland,5,5,4,5,4,5,5,5,66.13285714285716,94,64,12,0.1591745036572623,0.004893,0.44457854406130265,567,1997
http://www.npr.org/sections/health-shots/2015/01/08/375832981/measles-makes-an-unwelcome-visit-to-disneyland,5,5,4,5,4,5,5,5,66.13285714285716,94,64,12,0.1591745036572623,0.005511,0.44457854406130265,567,1997
http://www.npr.org/sections/health-shots/2015/01/08/375832981/measles-makes-an-unwelcome-visit-to-disneyland,5,5,4,5,4,5,5,5,66.13285714285716,94,64,12,0.1591745036572623,0.004982,0.44457854406130265,567,1997
http://www.npr.org/sections/health-shots/2015/01/08/375832981/measles-makes-an-unwelcome-visit-to-disneyland,5,5,4,5,4,5,5,5,66.13285714285716,94,64,12,0.1591745036572623,0.0052049999999999996,0.44457854406130265,567,1997
http://www.npr.org/sections/health-shots/2015/01/08/375832981/measles-makes-an-unwelcome-visit-to-disneyland,3,3,1,4,5,3,3,3,66.13285714285716,94,64,12,0.1591745036572623,0.005718,0.44457854406130265,567,1997
http://www.npr.org/sections/health-shots/2015/01/08/375832981/measles-makes-an-unwelcome-visit-to-disneyland,3,3,1,4,5,3,3,3,66.13285714285716,94,64,12,0.1591745036572623,0.004893,0.44457854406130265,567,1997
http://www.npr.org/sections/health-shots/2015/01/08/375832981/measles-makes-an-unwelcome-visit-to-disneyland,3,3,1,4,5,3,3,3,66.13285714285716,94,64,12,0.1591745036572623,0.005511,0.44457854406130265,567,1997
http://www.npr.org/sections/health-shots/2015/01/08/375832981/measles-makes-an-unwelcome-visit-to-disneyland,3,3,1,4,5,3,3,3,66.13285714285716,94,64,12,0.1591745036572623,0.004982,0.44457854406130265,567,1997
http://www.npr.org/sections/health-shots/2015/01/08/375832981/measles-makes-an-unwelcome-visit-to-disneyland,3,3,1,4,5,3,3,3,66.13285714285716,94,64,12,0.1591745036572623,0.0052049999999999996,0.44457854406130265,567,1997
http://www.npr.org/sections/health-shots/2015/01/08/375832981/measles-makes-an-unwelcome-visit-to-disneyland,4,5,4,3,5,5,5,4,66.13285714285716,94,64,12,0.1591745036572623,0.005718,0.44457854406130265,567,1997
http://www.npr.org/sections/health-shots/2015/01/08/375832981/measles-makes-an-unwelcome-visit-to-disneyland,4,5,4,3,5,5,5,4,66.13285714285716,94,64,12,0.1591745036572623,0.004893,0.44457854406130265,567,1997
http://www.npr.org/sections/health-shots/2015/01/08/375832981/measles-makes-an-unwelcome-visit-to-disneyland,4,5,4,3,5,5,5,4,66.13285714285716,94,64,12,0.1591745036572623,0.005511,0.44457854406130265,567,1997
http://www.npr.org/sections/health-shots/2015/01/08/375832981/measles-makes-an-unwelcome-visit-to-disneyland,4,5,4,3,5,5,5,4,66.13285714285716,94,64,12,0.1591745036572623,0.004982,0.44457854406130265,567,1997
http://www.npr.org/sections/health-shots/2015/01/08/375832981/measles-makes-an-unwelcome-visit-to-disneyland,4,5,4,3,5,5,5,4,66.13285714285716,94,64,12,0.1591745036572623,0.0052049999999999996,0.44457854406130265,567,1997
http://www.npr.org/sections/health-shots/2015/01/08/375832981/measles-makes-an-unwelcome-visit-to-disneyland,5,4,1,4,5,5,5,5,66.13285714285716,94,64,12,0.1591745036572623,0.005718,0.44457854406130265,567,1997
http://www.npr.org/sections/health-shots/2015/01/08/375832981/measles-makes-an-unwelcome-visit-to-disneyland,5,4,1,4,5,5,5,5,66.13285714285716,94,64,12,0.1591745036572623,0.004893,0.44457854406130265,567,1997
http://www.npr.org/sections/health-shots/2015/01/08/375832981/measles-makes-an-unwelcome-visit-to-disneyland,5,4,1,4,5,5,5,5,66.13285714285716,94,64,12,0.1591745036572623,0.005511,0.44457854406130265,567,1997
http://www.npr.org/sections/health-shots/2015/01/08/375832981/measles-makes-an-unwelcome-visit-to-disneyland,5,4,1,4,5,5,5,5,66.13285714285716,94,64,12,0.1591745036572623,0.004982,0.44457854406130265,567,1997
http://www.npr.org/sections/health-shots/2015/01/08/375832981/measles-makes-an-unwelcome-visit-to-disneyland,5,4,1,4,5,5,5,5,66.13285714285716,94,64,12,0.1591745036572623,0.0052049999999999996,0.44457854406130265,567,1997
http://www.npr.org/sections/health-shots/2015/01/08/375832981/measles-makes-an-unwelcome-visit-to-disneyland,4,4,4,3,5,4,4,4,66.13285714285716,94,64,12,0.1591745036572623,0.005718,0.44457854406130265,567,1997
http://www.npr.org/sections/health-shots/2015/01/08/375832981/measles-makes-an-unwelcome-visit-to-disneyland,4,4,4,3,5,4,4,4,66.13285714285716,94,64,12,0.1591745036572623,0.004893,0.44457854406130265,567,1997
http://www.npr.org/sections/health-shots/2015/01/08/375832981/measles-makes-an-unwelcome-visit-to-disneyland,4,4,4,3,5,4,4,4,66.13285714285716,94,64,12,0.1591745036572623,0.005511,0.44457854406130265,567,1997
http://www.npr.org/sections/health-shots/2015/01/08/375832981/measles-makes-an-unwelcome-visit-to-disneyland,4,4,4,3,5,4,4,4,66.13285714285716,94,64,12,0.1591745036572623,0.004982,0.44457854406130265,567,1997
http://www.npr.org/sections/health-shots/2015/01/08/375832981/measles-makes-an-unwelcome-visit-to-disneyland,4,4,4,3,5,4,4,4,66.13285714285716,94,64,12,0.1591745036572623,0.0052049999999999996,0.44457854406130265,567,1997
http://www.nvic.org/nvic-vaccine-news/january-2015/measles-in-disneyland-third-mmr-shot-and-vaccine.aspx,4,4,4,3,4,3,4,4,57.72952380952384,33,19,17,0.055032883456412836,0.874237,0.4652831338596041,2240,2000
http://www.nvic.org/nvic-vaccine-news/january-2015/measles-in-disneyland-third-mmr-shot-and-vaccine.aspx,4,4,4,3,4,3,4,4,57.72952380952384,33,19,17,0.055032883456412836,0.8910030000000001,0.4652831338596041,2240,2000
http://www.nvic.org/nvic-vaccine-news/january-2015/measles-in-disneyland-third-mmr-shot-and-vaccine.aspx,4,4,4,3,4,3,4,4,57.72952380952384,33,19,17,0.055032883456412836,0.873877,0.4652831338596041,2240,2000
http://www.nvic.org/nvic-vaccine-news/january-2015/measles-in-disneyland-third-mmr-shot-and-vaccine.aspx,4,3,4,3,5,3,3,4,57.72952380952384,33,19,17,0.055032883456412836,0.874237,0.4652831338596041,2240,2000
http://www.nvic.org/nvic-vaccine-news/january-2015/measles-in-disneyland-third-mmr-shot-and-vaccine.aspx,4,3,4,3,5,3,3,4,57.72952380952384,33,19,17,0.055032883456412836,0.8910030000000001,0.4652831338596041,2240,2000
http://www.nvic.org/nvic-vaccine-news/january-2015/measles-in-disneyland-third-mmr-shot-and-vaccine.aspx,4,3,4,3,5,3,3,4,57.72952380952384,33,19,17,0.055032883456412836,0.873877,0.4652831338596041,2240,2000
http://www.nvic.org/nvic-vaccine-news/january-2015/measles-in-disneyland-third-mmr-shot-and-vaccine.aspx,2,2,3,1,3,2,4,5,57.72952380952384,33,19,17,0.055032883456412836,0.874237,0.4652831338596041,2240,2000
http://www.nvic.org/nvic-vaccine-news/january-2015/measles-in-disneyland-third-mmr-shot-and-vaccine.aspx,2,2,3,1,3,2,4,5,57.72952380952384,33,19,17,0.055032883456412836,0.8910030000000001,0.4652831338596041,2240,2000
http://www.nvic.org/nvic-vaccine-news/january-2015/measles-in-disneyland-third-mmr-shot-and-vaccine.aspx,2,2,3,1,3,2,4,5,57.72952380952384,33,19,17,0.055032883456412836,0.873877,0.4652831338596041,2240,2000
http://www.nydailynews.com/life-style/health/disneyland-measles-outbreak-linked-vaccine-rate-article-1.2151859,4,4,4,2,4,4,4,3,63.93055555555559,91,59,11,0.0766781949934124,0.0060810000000000005,0.4470289855072463,648,1996
http://www.nydailynews.com/life-style/health/disneyland-measles-outbreak-linked-vaccine-rate-article-1.2151859,4,4,4,2,4,4,4,3,63.93055555555559,91,59,11,0.0766781949934124,0.006202,0.4470289855072463,648,1996
http://www.nydailynews.com/life-style/health/disneyland-measles-outbreak-linked-vaccine-rate-article-1.2151859,4,4,4,4,4,4,4,4,63.93055555555559,91,59,11,0.0766781949934124,0.0060810000000000005,0.4470289855072463,648,1996
http://www.nydailynews.com/life-style/health/disneyland-measles-outbreak-linked-vaccine-rate-article-1.2151859,4,4,4,4,4,4,4,4,63.93055555555559,91,59,11,0.0766781949934124,0.006202,0.4470289855072463,648,1996
http://www.pbs.org/newshour/updates/whos-risk-measles-maybe-think/,4,4,4,3,4,3,5,3,74.22713930348263,94,63,31,0.045646855821554616,0.468713,0.5414364123159303,1080,1996
http://www.pbs.org/newshour/updates/whos-risk-measles-maybe-think/,4,4,4,3,4,3,5,3,74.22713930348263,94,63,31,0.045646855821554616,0.49681400000000003,0.5414364123159303,1080,1996
http://www.pbs.org/newshour/updates/whos-risk-measles-maybe-think/,4,4,4,3,4,3,5,3,74.22713930348263,94,63,31,0.045646855821554616,0.48088500000000006,0.5414364123159303,1080,1996
http://www.pbs.org/newshour/updates/whos-risk-measles-maybe-think/,4,4,4,3,4,3,4,4,74.22713930348263,94,63,31,0.045646855821554616,0.468713,0.5414364123159303,1080,1996
http://www.pbs.org/newshour/updates/whos-risk-measles-maybe-think/,4,4,4,3,4,3,4,4,74.22713930348263,94,63,31,0.045646855821554616,0.49681400000000003,0.5414364123159303,1080,1996
http://www.pbs.org/newshour/updates/whos-risk-measles-maybe-think/,4,4,4,3,4,3,4,4,74.22713930348263,94,63,31,0.045646855821554616,0.48088500000000006,0.5414364123159303,1080,1996
http://www.pbs.org/newshour/updates/whos-risk-measles-maybe-think/,3,3,3,2,5,2,5,2,74.22713930348263,94,63,31,0.045646855821554616,0.468713,0.5414364123159303,1080,1996
http://www.pbs.org/newshour/updates/whos-risk-measles-maybe-think/,3,3,3,2,5,2,5,2,74.22713930348263,94,63,31,0.045646855821554616,0.49681400000000003,0.5414364123159303,1080,1996
http://www.pbs.org/newshour/updates/whos-risk-measles-maybe-think/,3,3,3,2,5,2,5,2,74.22713930348263,94,63,31,0.045646855821554616,0.48088500000000006,0.5414364123159303,1080,1996
http://www.reuters.com/article/us-measles-disneyland-idUSKBN0MC1OJ20150316,3,3,4,3,4,3,4,3,60.19625921375922,94,63,2,0.08215548340548341,0.014754,0.448968253968254,592,1996
http://www.reuters.com/article/us-measles-disneyland-idUSKBN0MC1OJ20150316,3,3,4,3,4,3,4,3,60.19625921375922,94,63,2,0.08215548340548341,0.017877,0.448968253968254,592,1996
http://www.reuters.com/article/us-measles-disneyland-idUSKBN0MC1OJ20150316,3,3,4,3,4,3,4,3,60.19625921375922,94,63,2,0.08215548340548341,0.015372,0.448968253968254,592,1996
http://www.reuters.com/article/us-measles-disneyland-idUSKBN0MC1OJ20150316,3,3,4,3,4,3,4,3,60.19625921375922,94,63,2,0.08215548340548341,0.017164,0.448968253968254,592,1996
http://www.reuters.com/article/us-measles-disneyland-idUSKBN0MC1OJ20150316,3,3,4,3,4,3,4,3,60.19625921375922,94,63,2,0.08215548340548341,0.028522000000000002,0.448968253968254,592,1996
http://www.reuters.com/article/us-measles-disneyland-idUSKBN0MC1OJ20150316,4,4,4,4,4,4,4,4,60.19625921375922,94,63,2,0.08215548340548341,0.014754,0.448968253968254,592,1996
http://www.reuters.com/article/us-measles-disneyland-idUSKBN0MC1OJ20150316,4,4,4,4,4,4,4,4,60.19625921375922,94,63,2,0.08215548340548341,0.017877,0.448968253968254,592,1996
http://www.reuters.com/article/us-measles-disneyland-idUSKBN0MC1OJ20150316,4,4,4,4,4,4,4,4,60.19625921375922,94,63,2,0.08215548340548341,0.015372,0.448968253968254,592,1996
http://www.reuters.com/article/us-measles-disneyland-idUSKBN0MC1OJ20150316,4,4,4,4,4,4,4,4,60.19625921375922,94,63,2,0.08215548340548341,0.017164,0.448968253968254,592,1996
http://www.reuters.com/article/us-measles-disneyland-idUSKBN0MC1OJ20150316,4,4,4,4,4,4,4,4,60.19625921375922,94,63,2,0.08215548340548341,0.028522000000000002,0.448968253968254,592,1996
http://www.reuters.com/article/us-measles-disneyland-idUSKBN0MC1OJ20150316,3,4,2,3,3,4,3,3,60.19625921375922,94,63,2,0.08215548340548341,0.014754,0.448968253968254,592,1996
http://www.reuters.com/article/us-measles-disneyland-idUSKBN0MC1OJ20150316,3,4,2,3,3,4,3,3,60.19625921375922,94,63,2,0.08215548340548341,0.017877,0.448968253968254,592,1996
http://www.reuters.com/article/us-measles-disneyland-idUSKBN0MC1OJ20150316,3,4,2,3,3,4,3,3,60.19625921375922,94,63,2,0.08215548340548341,0.015372,0.448968253968254,592,1996
http://www.reuters.com/article/us-measles-disneyland-idUSKBN0MC1OJ20150316,3,4,2,3,3,4,3,3,60.19625921375922,94,63,2,0.08215548340548341,0.017164,0.448968253968254,592,1996
http://www.reuters.com/article/us-measles-disneyland-idUSKBN0MC1OJ20150316,3,4,2,3,3,4,3,3,60.19625921375922,94,63,2,0.08215548340548341,0.028522000000000002,0.448968253968254,592,1996
http://www.reuters.com/article/us-measles-disneyland-idUSKBN0MC1OJ20150316,3,4,4,4,4,4,4,4,60.19625921375922,94,63,2,0.08215548340548341,0.014754,0.448968253968254,592,1996
http://www.reuters.com/article/us-measles-disneyland-idUSKBN0MC1OJ20150316,3,4,4,4,4,4,4,4,60.19625921375922,94,63,2,0.08215548340548341,0.017877,0.448968253968254,592,1996
http://www.reuters.com/article/us-measles-disneyland-idUSKBN0MC1OJ20150316,3,4,4,4,4,4,4,4,60.19625921375922,94,63,2,0.08215548340548341,0.015372,0.448968253968254,592,1996
http://www.reuters.com/article/us-measles-disneyland-idUSKBN0MC1OJ20150316,3,4,4,4,4,4,4,4,60.19625921375922,94,63,2,0.08215548340548341,0.017164,0.448968253968254,592,1996
http://www.reuters.com/article/us-measles-disneyland-idUSKBN0MC1OJ20150316,3,4,4,4,4,4,4,4,60.19625921375922,94,63,2,0.08215548340548341,0.028522000000000002,0.448968253968254,592,1996
http://www.reuters.com/article/us-measles-disneyland-idUSKBN0MC1OJ20150316,3,3,2,3,5,3,3,3,60.19625921375922,94,63,2,0.08215548340548341,0.014754,0.448968253968254,592,1996
http://www.reuters.com/article/us-measles-disneyland-idUSKBN0MC1OJ20150316,3,3,2,3,5,3,3,3,60.19625921375922,94,63,2,0.08215548340548341,0.017877,0.448968253968254,592,1996
http://www.reuters.com/article/us-measles-disneyland-idUSKBN0MC1OJ20150316,3,3,2,3,5,3,3,3,60.19625921375922,94,63,2,0.08215548340548341,0.015372,0.448968253968254,592,1996
http://www.reuters.com/article/us-measles-disneyland-idUSKBN0MC1OJ20150316,3,3,2,3,5,3,3,3,60.19625921375922,94,63,2,0.08215548340548341,0.017164,0.448968253968254,592,1996
http://www.reuters.com/article/us-measles-disneyland-idUSKBN0MC1OJ20150316,3,3,2,3,5,3,3,3,60.19625921375922,94,63,2,0.08215548340548341,0.028522000000000002,0.448968253968254,592,1996
http://www.wired.com/2015/01/vaccinated-people-get-measles-disneyland-blame-unvaccinated/,4,5,5,4,5,4,5,4,68.71738900634253,94,64,13,0.12748980060343695,0.004911,0.4954170274170274,792,1998
http://www.wired.com/2015/01/vaccinated-people-get-measles-disneyland-blame-unvaccinated/,4,5,5,4,5,4,5,4,68.71738900634253,94,64,13,0.12748980060343695,0.004905,0.4954170274170274,792,1998
http://www.wired.com/2015/01/vaccinated-people-get-measles-disneyland-blame-unvaccinated/,4,5,5,4,5,4,5,4,68.71738900634253,94,64,13,0.12748980060343695,0.004194,0.4954170274170274,792,1998
http://www.wired.com/2015/01/vaccinated-people-get-measles-disneyland-blame-unvaccinated/,4,5,5,4,5,4,5,4,68.71738900634253,94,64,13,0.12748980060343695,0.004043,0.4954170274170274,792,1998
http://www.wired.com/2015/01/vaccinated-people-get-measles-disneyland-blame-unvaccinated/,1,2,1,1,1,1,1,1,68.71738900634253,94,64,13,0.12748980060343695,0.004911,0.4954170274170274,792,1998
http://www.wired.com/2015/01/vaccinated-people-get-measles-disneyland-blame-unvaccinated/,1,2,1,1,1,1,1,1,68.71738900634253,94,64,13,0.12748980060343695,0.004905,0.4954170274170274,792,1998
http://www.wired.com/2015/01/vaccinated-people-get-measles-disneyland-blame-unvaccinated/,1,2,1,1,1,1,1,1,68.71738900634253,94,64,13,0.12748980060343695,0.004194,0.4954170274170274,792,1998
http://www.wired.com/2015/01/vaccinated-people-get-measles-disneyland-blame-unvaccinated/,1,2,1,1,1,1,1,1,68.71738900634253,94,64,13,0.12748980060343695,0.004043,0.4954170274170274,792,1998
http://www.wired.com/2015/01/vaccinated-people-get-measles-disneyland-blame-unvaccinated/,4,5,5,5,4,5,5,4,68.71738900634253,94,64,13,0.12748980060343695,0.004911,0.4954170274170274,792,1998
http://www.wired.com/2015/01/vaccinated-people-get-measles-disneyland-blame-unvaccinated/,4,5,5,5,4,5,5,4,68.71738900634253,94,64,13,0.12748980060343695,0.004905,0.4954170274170274,792,1998
http://www.wired.com/2015/01/vaccinated-people-get-measles-disneyland-blame-unvaccinated/,4,5,5,5,4,5,5,4,68.71738900634253,94,64,13,0.12748980060343695,0.004194,0.4954170274170274,792,1998
http://www.wired.com/2015/01/vaccinated-people-get-measles-disneyland-blame-unvaccinated/,4,5,5,5,4,5,5,4,68.71738900634253,94,64,13,0.12748980060343695,0.004043,0.4954170274170274,792,1998
http://www.wired.com/2015/01/vaccinated-people-get-measles-disneyland-blame-unvaccinated/,4,4,3,1,4,4,4,4,68.71738900634253,94,64,13,0.12748980060343695,0.004911,0.4954170274170274,792,1998
http://www.wired.com/2015/01/vaccinated-people-get-measles-disneyland-blame-unvaccinated/,4,4,3,1,4,4,4,4,68.71738900634253,94,64,13,0.12748980060343695,0.004905,0.4954170274170274,792,1998
http://www.wired.com/2015/01/vaccinated-people-get-measles-disneyland-blame-unvaccinated/,4,4,3,1,4,4,4,4,68.71738900634253,94,64,13,0.12748980060343695,0.004194,0.4954170274170274,792,1998
http://www.wired.com/2015/01/vaccinated-people-get-measles-disneyland-blame-unvaccinated/,4,4,3,1,4,4,4,4,68.71738900634253,94,64,13,0.12748980060343695,0.004043,0.4954170274170274,792,1998
https://atlasmonitor.wordpress.com/2015/02/03/the-vaccine-debate-what-theyre-not-telling-you/,1,2,2,1,4,2,3,3,61.5952742616034,66,8,8,0.035832004253056875,0.327685,0.4623737373737373,237,2013
https://atlasmonitor.wordpress.com/2015/02/03/the-vaccine-debate-what-theyre-not-telling-you/,1,2,2,1,4,2,3,3,61.5952742616034,66,8,8,0.035832004253056875,0.428759,0.4623737373737373,237,2013
https://atlasmonitor.wordpress.com/2015/02/03/the-vaccine-debate-what-theyre-not-telling-you/,1,2,2,1,4,2,3,3,61.5952742616034,66,8,8,0.035832004253056875,0.138679,0.4623737373737373,237,2013
https://atlasmonitor.wordpress.com/2015/02/03/the-vaccine-debate-what-theyre-not-telling-you/,2,1,2,1,1,1,1,2,61.5952742616034,66,8,8,0.035832004253056875,0.327685,0.4623737373737373,237,2013
https://atlasmonitor.wordpress.com/2015/02/03/the-vaccine-debate-what-theyre-not-telling-you/,2,1,2,1,1,1,1,2,61.5952742616034,66,8,8,0.035832004253056875,0.428759,0.4623737373737373,237,2013
https://atlasmonitor.wordpress.com/2015/02/03/the-vaccine-debate-what-theyre-not-telling-you/,2,1,2,1,1,1,1,2,61.5952742616034,66,8,8,0.035832004253056875,0.138679,0.4623737373737373,237,2013
https://atlasmonitor.wordpress.com/2015/02/03/the-vaccine-debate-what-theyre-not-telling-you/,1,1,1,1,4,1,2,1,61.5952742616034,66,8,8,0.035832004253056875,0.327685,0.4623737373737373,237,2013
https://atlasmonitor.wordpress.com/2015/02/03/the-vaccine-debate-what-theyre-not-telling-you/,1,1,1,1,4,1,2,1,61.5952742616034,66,8,8,0.035832004253056875,0.428759,0.4623737373737373,237,2013
https://atlasmonitor.wordpress.com/2015/02/03/the-vaccine-debate-what-theyre-not-telling-you/,1,1,1,1,4,1,2,1,61.5952742616034,66,8,8,0.035832004253056875,0.138679,0.4623737373737373,237,2013
https://www.reddit.com/r/news/comments/2tpy27/completely_avoidable_vaccination_could_have/,3,3,1,2,5,3,2,2,108.70000000000002,92,60,3,0.0,0.131167,0.0,10,2002
https://www.reddit.com/r/news/comments/2tpy27/completely_avoidable_vaccination_could_have/,3,3,1,2,5,3,2,2,108.70000000000002,92,60,3,0.0,0.39377399999999996,0.0,10,2002
https://www.reddit.com/r/news/comments/2tpy27/completely_avoidable_vaccination_could_have/,3,3,1,2,5,3,2,2,109.12980769230772,92,60,3,0.5,0.136548,0.625,13,2002
https://www.reddit.com/r/news/comments/2tpy27/completely_avoidable_vaccination_could_have/,1,1,1,1,1,1,1,1,108.70000000000002,92,60,3,0.0,0.131167,0.0,10,2002
https://www.reddit.com/r/news/comments/2tpy27/completely_avoidable_vaccination_could_have/,1,1,1,1,1,1,1,1,108.70000000000002,92,60,3,0.0,0.39377399999999996,0.0,10,2002
https://www.reddit.com/r/news/comments/2tpy27/completely_avoidable_vaccination_could_have/,1,1,1,1,1,1,1,1,109.12980769230772,92,60,3,0.5,0.136548,0.625,13,2002
https://www.reddit.com/r/news/comments/2tpy27/completely_avoidable_vaccination_could_have/,4,4,2,3,4,4,2,3,108.70000000000002,92,60,3,0.0,0.131167,0.0,10,2002
https://www.reddit.com/r/news/comments/2tpy27/completely_avoidable_vaccination_could_have/,4,4,2,3,4,4,2,3,108.70000000000002,92,60,3,0.0,0.39377399999999996,0.0,10,2002
https://www.reddit.com/r/news/comments/2tpy27/completely_avoidable_vaccination_could_have/,4,4,2,3,4,4,2,3,109.12980769230772,92,60,3,0.5,0.136548,0.625,13,2002
https://www.sciencebasedmedicine.org/say-it-aint-so-mickey-a-holiday-measles-outbreak-makes-the-happiest-place-in-the-world-sad/,3,3,3,1,5,1,5,2,61.1348484848485,93,46,8,0.10215258487032676,0.426972,0.495577279351473,4080,2008
https://www.sciencebasedmedicine.org/say-it-aint-so-mickey-a-holiday-measles-outbreak-makes-the-happiest-place-in-the-world-sad/,3,3,3,1,5,1,5,2,61.1348484848485,93,46,8,0.10215258487032676,0.20543899999999998,0.495577279351473,4080,2008
https://www.sciencebasedmedicine.org/say-it-aint-so-mickey-a-holiday-measles-outbreak-makes-the-happiest-place-in-the-world-sad/,3,3,3,1,5,1,5,2,61.1348484848485,93,46,8,0.10215258487032676,0.133236,0.495577279351473,4080,2008
https://www.sciencebasedmedicine.org/say-it-aint-so-mickey-a-holiday-measles-outbreak-makes-the-happiest-place-in-the-world-sad/,3,3,4,4,3,4,1,4,61.1348484848485,93,46,8,0.10215258487032676,0.426972,0.495577279351473,4080,2008
https://www.sciencebasedmedicine.org/say-it-aint-so-mickey-a-holiday-measles-outbreak-makes-the-happiest-place-in-the-world-sad/,3,3,4,4,3,4,1,4,61.1348484848485,93,46,8,0.10215258487032676,0.20543899999999998,0.495577279351473,4080,2008
https://www.sciencebasedmedicine.org/say-it-aint-so-mickey-a-holiday-measles-outbreak-makes-the-happiest-place-in-the-world-sad/,3,3,4,4,3,4,1,4,61.1348484848485,93,46,8,0.10215258487032676,0.133236,0.495577279351473,4080,2008
https://www.sciencebasedmedicine.org/say-it-aint-so-mickey-a-holiday-measles-outbreak-makes-the-happiest-place-in-the-world-sad/,3,4,5,3,5,1,3,4,61.1348484848485,93,46,8,0.10215258487032676,0.426972,0.495577279351473,4080,2008
https://www.sciencebasedmedicine.org/say-it-aint-so-mickey-a-holiday-measles-outbreak-makes-the-happiest-place-in-the-world-sad/,3,4,5,3,5,1,3,4,61.1348484848485,93,46,8,0.10215258487032676,0.20543899999999998,0.495577279351473,4080,2008
https://www.sciencebasedmedicine.org/say-it-aint-so-mickey-a-holiday-measles-outbreak-makes-the-happiest-place-in-the-world-sad/,3,4,5,3,5,1,3,4,61.1348484848485,93,46,8,0.10215258487032676,0.133236,0.495577279351473,4080,2008
https://www.washingtonpost.com/news/wonk/wp/2015/01/27/californias-epidemic-of-vaccine-denial-mapped/,5,5,3,3,5,5,4,5,65.05407528641572,93,63,8,0.08234432234432232,0.030272000000000004,0.44905285190999467,936,1996
https://www.washingtonpost.com/news/wonk/wp/2015/01/27/californias-epidemic-of-vaccine-denial-mapped/,5,5,3,3,5,5,4,5,65.05407528641572,93,63,8,0.08234432234432232,0.029737,0.44905285190999467,936,1996
https://www.washingtonpost.com/news/wonk/wp/2015/01/27/californias-epidemic-of-vaccine-denial-mapped/,4,4,4,3,5,4,4,4,65.05407528641572,93,63,8,0.08234432234432232,0.030272000000000004,0.44905285190999467,936,1996
https://www.washingtonpost.com/news/wonk/wp/2015/01/27/californias-epidemic-of-vaccine-denial-mapped/,4,4,4,3,5,4,4,4,65.05407528641572,93,63,8,0.08234432234432232,0.029737,0.44905285190999467,936,1996
